Employee_ID,Name,Email,Department,Salary,Joining_Date,Password
1,Christian Cervantes,ryan44@example.net,Operations,72729,2024-07-24,6{_h5K=rv]QU
2,Sara Robertson,madisonfrederick@example.net,Operations,93568,2022-07-10,\BhQoeTY\+`[
3,Krystal Sanchez,craiganderson@example.com,Sales,63167,2020-03-30,ul#v7mdbt]5K
4,Gary Ferguson,ymurphy@example.com,HR,67811,2021-03-30,|\R^hi4dgpns
5,Courtney Spencer,thomas53@example.org,Sales,72395,2021-05-31,wG4*R12d%qVs
6,Kristen Anderson,gthomas@example.net,Engineering,82967,2020-03-20,R$rxNi^-E\tf
7,Roy Garrison,fletchermarc@example.com,Sales,48594,2023-11-07,"^GenAfb)D$u,"
8,Brandi Morgan,porteramber@example.org,Engineering,129782,2020-03-14,rFtD**h2J0)C
9,Patricia Gonzalez,crystal10@example.org,Marketing,79209,2022-09-27,".l8S""Z94a-W#"
10,Kathy Atkinson,grantalexandra@example.org,HR,44753,2021-04-12,+J)/q]ZWviHV
11,William Nicholson,jody22@example.net,Operations,67805,2021-12-11,nyY;$U@nynlo
12,Christina Wright,brendajordan@example.org,Marketing,84505,2022-03-08,"]Xhv=qIa,ytr"
13,Kristen Hoffman,krista68@example.net,Sales,61660,2020-05-04,Vta.p]I`|9lY
14,Samuel Young,justin82@example.com,HR,50404,2022-04-05,Ft%/)9+i&I+Y
15,Dalton Brown,garychavez@example.net,HR,54933,2023-09-29,Fuo54{dSC/l[
16,Paula Butler,michael18@example.com,Engineering,142898,2022-08-10,"/pM`L-0b:>""I"
17,Linda Romero,oliverbeth@example.net,Sales,64222,2020-09-08,=.7)%K%/W-C-
18,Melissa Campbell,ryan41@example.org,Sales,83288,2021-04-18,>K8}2R:r@Vs1
19,Lisa Ortiz,fwest@example.net,Engineering,118482,2022-09-03,np>iLd^1#Hi]
20,James Kelley,bbullock@example.org,Engineering,99915,2023-07-19,";iWS}D,9-d'|"
21,Tonya Gonzalez,tylermolina@example.net,Finance,72213,2024-10-22,e[DaacyS!G:5
22,Eric Brown,wsolis@example.com,Operations,71150,2021-11-18,1[9!O_]S5?IH
23,Allen Wilson,xfriedman@example.org,Marketing,77538,2022-07-20,-6p$AM7/Gz4?
24,Ashley Nelson,brandon76@example.org,Marketing,91099,2024-01-22,Rv?Sxw7j!4&1
25,Melissa Thomas,wilcoxkimberly@example.com,Marketing,78132,2023-10-26,A:p:;!crk}K]
26,Brandy Beasley,jodiharris@example.com,HR,70015,2021-07-31,H@ZB;uI#]qVD
27,James Harvey,kathy41@example.net,Operations,93630,2024-05-24,@qE6S;GbnO.Z
28,Haley Simpson,ronald60@example.org,Marketing,91804,2020-05-19,t=\mxmp&[~'/
29,Megan Jenkins,sullivanjeffery@example.com,Marketing,91917,2025-02-24,/vg27\5Dj!}A
30,Holly Davila,angela07@example.org,Sales,57622,2024-04-13,LY+#_Sd|7_W}
31,Mrs. Lindsey Johnson DDS,david64@example.org,Finance,83510,2024-10-29,"{-6jgTRl\""u<"
32,Natalie Tucker,michaelodonnell@example.org,HR,55746,2021-01-06,DH%6Q54n@hhJ
33,Derrick West,sarah30@example.net,Marketing,71063,2024-10-28,iH|L35$y[Z'*
34,Morgan Daniel,vernonlewis@example.org,Marketing,93268,2022-08-23,:K\Z[WIr3J<`
35,Tracy Walters,latasha47@example.com,Marketing,83676,2021-09-25,PwS|.0j8})sY
36,Matthew Donovan,harrislauren@example.org,Finance,87383,2022-03-11,Ze*vq+6_s#+[
37,Brittany Harmon,jackiesantos@example.org,Engineering,70823,2021-10-10,"OJ""L?~_Jv-\~"
38,Michael King,jason25@example.net,Engineering,145830,2024-02-27,lM2gF#<s.7A(
39,Casey Sanders,sruiz@example.com,Finance,77887,2020-07-10,Z5\GWIc(~^WR
40,April Thomas,stevenmills@example.net,Operations,67831,2022-11-02,8t$RHu%NkBAe
41,Ryan Harris,fischerjustin@example.net,Operations,74815,2024-05-24,A{%k%g0#9Uo0
42,Victoria Garcia,kimberlywilson@example.net,Operations,66858,2023-11-03,6v:nM)RYEt2)
43,Lauren Macias,mcclainrachel@example.com,Finance,82594,2022-08-13,s9r<Ax.e8muF
44,Laura Carlson MD,andrewsellers@example.com,Finance,91940,2022-06-30,\A3LOkEF}rr&
45,Ashley Foley,kayleelopez@example.org,Finance,75544,2024-10-13,5z-V|wzP8H88
46,Margaret Ayers,jonesjohn@example.net,HR,59058,2022-03-15,"=~Q3.R6Equ=,"
47,Kristen Robinson,russellcox@example.net,HR,53351,2023-06-02,;k=s4l/hWnS}
48,Lindsey Richardson,robertlindsey@example.com,Operations,92433,2021-10-29,"|gy@lIX,Uib+"
49,Amy Bishop,theresa27@example.net,Marketing,63701,2022-10-14,s.'AtR/AWhJ^
50,Megan Schaefer,michael67@example.net,Sales,47901,2023-05-10,k!LqEw]-:YOS
51,Richard Mcdaniel,hgarcia@example.org,HR,69378,2023-09-11,".pQ]X%k""S*8d"
52,Lisa Mcdonald,livingstonelizabeth@example.org,Finance,59441,2020-07-06,?tN0jf!}a}hd
53,Micheal Jackson,jmoore@example.com,Operations,94665,2022-08-18,"bWiM){:P8,kI"
54,Samantha Allen,bkerr@example.com,Sales,70616,2021-07-02,iI1Ao#qB(ei'
55,Dustin Harrison,josephjohnson@example.com,Marketing,90973,2023-02-14,kQiC;j0b2>0D
56,Ryan Griffith,mitchelljason@example.net,HR,73656,2021-04-14,-&eH23Gd`1!9
57,Cristian Meadows,robert81@example.net,Sales,81839,2021-12-21,P;wm%_e82\Yf
58,Matthew Williams,lindagarcia@example.net,Sales,76818,2021-03-31,YP\V&;4q}(?8
59,Ann Caldwell,oschultz@example.net,Operations,94028,2023-02-19,guOB5fo'e75F
60,Kathryn Alexander,nancytaylor@example.net,Marketing,57351,2021-09-20,-7.)]X*)qpdP
61,Sabrina Alexander,christopher72@example.net,Finance,86890,2024-07-14,",-.ok~VUek$["
62,Angela Wright,mbranch@example.org,Marketing,87997,2022-12-11,"`[xIm3[G2$`"""
63,Raymond Lang,johnsondana@example.org,Sales,69535,2022-01-02,"^eoTm.x,ucp~"
64,Steven Jones,elizabethjackson@example.com,Operations,62835,2022-05-04,KILh_j]$+'Q:
65,Elizabeth Roberson,mary23@example.net,Engineering,124797,2020-12-24,][\p@9r6fxb.
66,Susan Green,nolanthomas@example.net,Finance,113218,2024-08-04,"c7gqde""CI.1g"
67,Julia Smith,stephenpearson@example.net,Finance,78935,2021-06-07,)/Y)v/h@c>/-
68,Mary Wright,vwhite@example.com,Sales,68322,2021-11-05,*YCFm/Wppy.w
69,Bonnie Carlson,walkerveronica@example.net,Marketing,97446,2021-11-26,EdHz>IfJvSd0
70,Dr. Susan Ortega,mary22@example.com,HR,71056,2022-01-24,">T\P""H$dss>A"
71,Virginia Singleton,michealellis@example.net,Sales,60394,2020-08-06,7.`PCT`5rg}1
72,Jeffrey Garcia,rowlandcarla@example.org,Sales,58701,2020-10-17,"DOX_m?""JS!,k"
73,Luke White,browningangela@example.org,Marketing,73026,2021-06-13,!Dn4U[<tyR<0
74,Brett Bowman,eric75@example.com,Finance,84531,2022-09-12,27kN>@9-`|=Y
75,Stephen Bell,snyderjoseph@example.com,Sales,82787,2020-03-28,.aw[fFI@Wm)4
76,Christine Harris,rsharp@example.org,Operations,60315,2021-03-24,;%1vpez_gsz3
77,Andrew Taylor,robertsbrian@example.net,Finance,74295,2022-04-20,#(Jqn.A2Sgn6
78,Gina Hall,phillipskayla@example.net,Engineering,65977,2023-09-15,"?6""~/WRhd@+:"
79,Jason Davis,greg42@example.net,Operations,71133,2020-06-27,"gq=s,)I'_*py"
80,Jeremy Martin Jr.,krista10@example.org,Sales,60367,2024-09-03,Gph]F*u%TFA5
81,Brittany Moran,ronald37@example.com,Sales,58144,2023-01-05,DnB(\hH]~Jnb
82,Alexis Salinas,qbarr@example.com,HR,55681,2023-09-22,"J*O<4l:?@s""o"
83,Ricardo Barnett,david97@example.org,HR,69764,2023-05-24,-GO5&I1D*#D|
84,Judy Wheeler,amanda61@example.net,HR,44447,2022-02-23,u{m3]fNws{'0
85,Nathan Gibbs III,rgutierrez@example.org,Finance,64884,2021-06-06,"l&,32ttWl+1H"
86,Ricky Parsons,rmoore@example.org,Sales,46756,2020-04-08,AZ'X9R-6x^!:
87,Nicole Stephens,qgarcia@example.org,Engineering,117873,2024-12-20,eG(.^JNP{o$$
88,Rita Rasmussen,matthewsjulia@example.org,Operations,94938,2020-07-15,wi2Ztx}|z3&{
89,Nicole Morrison,tiffanytrevino@example.org,Finance,105557,2024-08-04,"J_|DY<)+[,^c"
90,Spencer Deleon,meganblanchard@example.com,Operations,94911,2021-02-25,6bxGlI^%G<4(
91,Tiffany White,robert81@example.com,HR,70914,2024-08-10,|KE@dd?*V'k+
92,Ian Rodriguez,jacob53@example.net,Engineering,97124,2024-11-24,0%@)s(GX]\Pk
93,Andrew Koch,brownsusan@example.org,Engineering,74830,2023-02-07,DsZ5Q{~<d+z}
94,Natalie Lyons,lambertwilliam@example.org,Finance,65766,2024-02-21,5cZu)g}i!F9n
95,Terry Davenport,brianna07@example.net,Engineering,135890,2020-06-07,i$#k'VfV$\@A
96,Tyler Morales,nicholasmckenzie@example.com,Sales,85384,2022-11-10,"{b,k|%Shn.=I"
97,Richard Reyes,petersmelissa@example.com,Engineering,96728,2022-12-16,E%fKqfdx|Y3)
98,Tamara Lynch,davismelissa@example.net,Sales,69279,2020-07-10,$H/U<S>GF)tU
99,Amanda Cain,willismichael@example.com,Engineering,148750,2022-10-28,"RIsN""G;\6""X2"
100,Matthew Roberts,holmesmarcus@example.net,Operations,76843,2020-07-15,IbQ%FN]+@!-7
101,Heather Baker,martinezkim@example.com,Operations,79389,2020-10-24,"`Qo%$ep4p,CN"
102,Belinda Leonard,jessicajohnson@example.net,Operations,71173,2021-10-28,ANZ4_yg9LU<U
103,Tasha Smith,xpeters@example.org,Finance,85476,2023-05-14,M}d.\&4v`bdp
104,Doris Wood,eshannon@example.com,Marketing,53770,2022-05-12,"HhS^^\|T""sWN"
105,Charles Webb,carterjeffery@example.com,Engineering,68575,2022-05-05,S&6g+pLhZht.
106,Frank Huffman,jennifer20@example.org,Sales,63065,2025-02-05,eId+`=2VMW!`
107,Trevor Frank,chelsea23@example.net,Engineering,131254,2021-08-04,"q}sVr<Q;3h,d"
108,Karen Green,amunoz@example.com,Sales,62289,2024-04-09,I~jsrXOwYWX!
109,Ariel Williams,lturner@example.com,Engineering,77030,2025-01-12,zNWk/+pPz?Uo
110,Nathan Smith,james37@example.com,HR,59811,2024-08-10,y@+3lAZl|CE)
111,Paul Wilson,kellersusan@example.com,Marketing,94656,2023-06-20,GvM{M2`].mFJ
112,Jasmin Garcia,lhicks@example.com,Marketing,89877,2024-08-11,"FJZGYv\""}=Le"
113,Gary Harris,josehenson@example.com,HR,77805,2024-02-09,"$#,Z7P/O""LNi"
114,Connie Brown,rjennings@example.net,Sales,75125,2020-11-23,bodb{w[N;;~i
115,Lindsey Rich,randy70@example.org,Finance,110070,2025-02-02,QTj<wFv<$=6^
116,Rachel Bush,castillojoshua@example.com,Marketing,79343,2024-03-11,0%d_LW-ka}{A
117,Michael Zimmerman,mlopez@example.org,Marketing,67395,2020-09-05,M9~lZG'J9y<n
118,Christopher Allen,rharris@example.org,HR,46557,2022-08-19,2H^'mY'+E/w0
119,Wanda Johnson,joywatts@example.org,Finance,69586,2023-08-11,"#2""@OCUrC]//"
120,Diana Meadows,stevelandry@example.net,Engineering,92675,2024-08-03,hzD<3F_/*gdl
121,Randy Brown,gsmith@example.org,Operations,89842,2022-08-22,#%^r:y27@[Hs
122,Jennifer Dillon,christensenmeredith@example.com,Sales,68209,2022-01-31,"nz'o,L<}'Y(X"
123,Jerry Moore,pettyjoseph@example.com,Sales,71171,2022-05-27,St;s\hh0H2QA
124,Megan Guzman,timothydavidson@example.com,HR,61153,2021-01-17,0?C65A3&J?(o
125,Matthew Gonzalez,timothyharrison@example.org,Engineering,87063,2020-09-12,"nN~Wcf{^rZ""!"
126,George Bishop,larrypatterson@example.net,Marketing,75960,2023-11-23,n!KZ9-S(O(Cn
127,Gavin Smith,owells@example.net,Operations,86697,2023-05-24,":3w^39gMn,zB"
128,Kenneth Mcfarland,morrismary@example.com,Engineering,88305,2020-11-25,sHx!~J?jC#/`
129,Marcus Delgado,thompsonronald@example.org,HR,79092,2024-10-20,Y+Jj8dvm~Fng
130,Andre Chambers,gregory50@example.com,Finance,109167,2023-06-06,Br!L.a)jbP40
131,Angela Reid,danasullivan@example.net,Marketing,92446,2023-02-26,x\3lT.6ri6zs
132,Nicholas Vaughan,averylaura@example.org,Sales,50414,2021-04-16,d\1#+jq.%few
133,Catherine Swanson,zbrown@example.org,Engineering,65893,2020-10-10,kQ[Wz~I6sz<@
134,Joseph Flores,kjames@example.org,Marketing,90415,2020-11-27,O8eBGp8->#{4
135,Brian Taylor,samanthabrewer@example.org,Engineering,146696,2021-03-13,~E8-)b}GD=0^
136,Sandra Oconnell,cyoung@example.org,Sales,83939,2023-08-13,!1w63vZK&aJt
137,Crystal Doyle,smckenzie@example.org,Marketing,57499,2022-06-05,ThuP:_~SQ!eP
138,David Fernandez,janicehoward@example.org,HR,63239,2023-04-04,Y\;\f[<VhvR(
139,April Suarez,vbrooks@example.net,Engineering,73239,2020-09-06,c6@xDbPp%+\D
140,Deanna Wagner,harold11@example.org,Sales,63357,2020-04-19,^]bHp`Tvg/3{
141,Annette Rodgers,anthony31@example.net,Marketing,95621,2020-08-12,h[sY$I!^Wz{n
142,Matthew Torres,antonio41@example.net,Finance,68765,2021-06-15,"QsJf8E\J""V}F"
143,Kristin Robinson,ryanroberts@example.com,Engineering,122247,2021-02-24,hFrkwZm\9pH0
144,Melissa Smith,oliviajohnson@example.net,HR,59627,2021-12-21,'OnPQ<t1w=@h
145,Monique Coleman,garrisonsteven@example.org,Sales,70721,2021-08-03,@~a+}!YX+>V$
146,Catherine Hines,bwalker@example.net,Operations,78843,2021-04-13,]H2w?C%k=a51
147,Glenda Dunn,jefferywu@example.net,Operations,87484,2024-06-03,(v`x%OWIC?5o
148,Alicia Brooks,henrythomas@example.org,Marketing,52973,2024-11-12,v9Xhx?$%h~c|
149,Ashley Medina,earroyo@example.com,Operations,72406,2023-07-03,eh|>Tc`(MTu@
150,James Lyons,mharper@example.org,HR,45044,2021-08-06,?14V_F%E~hLq
151,Carol Mcdaniel,webbanthony@example.com,Sales,58158,2024-08-17,(^>J7]=)TnQ`
152,Deanna Jones,jjohns@example.net,Marketing,54860,2020-09-08,"I6Tf2""1A$(SE"
153,Melissa Walker,richard83@example.com,Finance,87196,2021-05-03,Q$L>=U5SVdCO
154,Kimberly Carpenter,cherylramirez@example.org,Sales,55971,2021-11-29,^IHeB%}5.bSz
155,Jeffrey Smith,coledennis@example.org,Finance,91143,2024-09-08,:#+tBWw_P7AG
156,Ryan Frazier,pricedavid@example.com,Operations,91441,2023-08-05,fCD=J`s#tByF
157,Karen English,vdeleon@example.org,Marketing,84315,2023-08-26,F./J$UH9&nS#
158,Glenda Cruz,tracy97@example.com,Finance,113305,2024-05-03,kx{I:aK@eM:a
159,Angela Hernandez,salazarkaren@example.org,Engineering,138876,2022-10-16,":Xf\qr2=Gk""}"
160,Meredith Brady,simmonskimberly@example.com,Finance,75748,2023-02-01,"8.caCKN"",M[7"
161,Susan Parker,philiphill@example.com,Operations,76904,2021-05-27,.Fvi6+>D7~G0
162,Theresa Scott,stephaniehouston@example.org,Marketing,89937,2022-08-26,"O=d""YYq8<M\}"
163,Krista Butler,allenmitchell@example.net,Sales,48800,2025-02-21,"]Z[YAOp`1@;"""
164,Yolanda Robinson,pkirby@example.com,Sales,79262,2024-05-17,!&7~^G}B=DGn
165,Katherine Williams,khenry@example.com,Operations,62120,2024-06-25,[NQ>u:O1@K79
166,Rachel Lee,arthur50@example.com,Engineering,123602,2021-06-25,I]{Ks{}2yS/(
167,Amanda Ruiz,brandongriffin@example.net,Marketing,64420,2021-12-07,"1{g"")P\bHH\o"
168,Jonathan Jones,rachel23@example.org,Sales,84431,2023-03-10,"\0JkS&fd""[_:"
169,Michelle Gonzales,lglass@example.com,Operations,53177,2023-02-27,\b}Flp{G67vv
170,Carol Pearson,qgarcia@example.net,Operations,54506,2021-12-12,"VSMw,QxB'o>0"
171,Matthew Blair,josephsmith@example.org,Finance,70404,2024-08-08,'d3HRvdI\(H!
172,Stacy Alexander,fgraham@example.net,Operations,73175,2025-02-17,pSpiPZ$Go`2x
173,Brian Nichols,uwright@example.org,Marketing,86397,2021-08-24,R5a!V@[`6Zha
174,Regina May,williamsannette@example.net,Marketing,53911,2023-11-24,47#A$siC+Uo;
175,Andrew Holt,michaelfuller@example.com,Finance,115565,2023-01-31,Ks2.c6(DBJs;
176,Kristy Mccarty,laurawhite@example.net,Engineering,81022,2023-12-23,"""QeM#B5sT;u<"
177,Robert Goodwin,jared11@example.org,HR,78984,2021-06-04,OLA@.lM0{&S[
178,Donald Larson,gabriel27@example.net,Marketing,59988,2020-03-19,z=Y6ry};7.@.
179,Gina Melendez,gtucker@example.com,Operations,51124,2021-11-09,5rpR@tDz(+Sv
180,Kevin Kelly,lauraroberts@example.org,HR,59338,2023-11-10,"hz4""*\[dIe>s"
181,Matthew Rodriguez,larsonjames@example.com,Operations,80713,2023-11-25,L\TzTxUe/fb#
182,Casey Fitzpatrick,bryan93@example.com,Engineering,102127,2023-05-06,:7Z)4o\OJ}M1
183,Mr. Jared Smith PhD,derekroberts@example.net,Sales,57686,2021-01-03,"*}pug9""O8TP>"
184,Lynn Stuart,nmitchell@example.net,Finance,85883,2024-07-17,<jFOXNnKnVlu
185,James James,tamara24@example.net,Sales,63923,2022-08-03,"M\0_FjU--""ce"
186,Patricia Sweeney,adkinskaren@example.com,Marketing,73441,2022-01-08,.ZOK3S+z)CU/
187,Michael Edwards,karenaguirre@example.net,Finance,115316,2022-03-04,jf~?r'[GG/g$
188,Madison Singh,samuelhernandez@example.net,Sales,87310,2022-12-30,K2u:l6h6o&cm
189,Erika Pearson,james49@example.com,HR,50436,2024-08-06,cWBCTBx7;F|J
190,Luke Morrison,lewiskimberly@example.net,Engineering,120831,2020-04-29,"_;%`];,sqS1f"
191,Roger Smith,megankennedy@example.net,HR,42227,2021-02-20,.1s_q\NQ.AnH
192,Stephen Burnett,morrisonsusan@example.org,Engineering,121403,2022-01-25,cm&WXW!B@-ol
193,Benjamin Wilkinson,khanrebecca@example.net,Marketing,88722,2022-09-22,"SK'ERg(AmK""z"
194,Jessica Phillips,bryce71@example.org,Sales,83818,2020-10-15,"N]7D@~""1t#`u"
195,Donald Hill,jesusphillips@example.net,HR,65442,2021-10-14,"ZO]kv@{C,vih"
196,Matthew Rodgers,slewis@example.com,Sales,55451,2022-06-13,C1M]n4J>^aO@
197,Alan Smith,johnsonsuzanne@example.org,Marketing,99784,2023-01-11,%{f'=^h]PJl@
198,Scott Parker,jennifer26@example.net,HR,44475,2024-12-19,nXnL.rAa>2%A
199,Bailey Russell,matthewjennings@example.net,Operations,79471,2024-12-12,cb2\)mS{F55j
200,Scott Fischer,tanyabrooks@example.com,Engineering,71465,2024-05-06,"{mg""&%h-(yq%"
201,Roberta Brown,mark54@example.com,Finance,71774,2020-09-28,"X{Tqo,~'Xo4}"
202,Sarah Ryan,davidlewis@example.org,Finance,104580,2020-04-17,~l>)'_#_DrZ-
203,Alisha Lane,eric94@example.net,Sales,70837,2025-01-03,".diPt""?lekft"
204,Anthony Valentine,zdelgado@example.com,Sales,77234,2023-07-15,!'V3F{<y]f[X
205,James Rice,jason73@example.net,HR,59133,2021-06-03,GEoDFF7A@1cC
206,Kevin Mendoza,danielle80@example.com,HR,43766,2023-09-25,d3-`#$cIqJN*
207,Kenneth Stanton,jgreene@example.org,Sales,80682,2024-07-03,W\1Y=k8uG&[^
208,Traci Munoz,rsmith@example.net,Engineering,106935,2023-08-09,"H.jIE>""e6-F5"
209,James Romero,dukestephen@example.org,Finance,89837,2024-05-08,]g(QNkC);2}3
210,Sandra Medina,pittmanjohn@example.com,Sales,85465,2023-04-19,@>X7g*xw.)A1
211,Steven Powers,scottjessica@example.org,Marketing,54270,2024-08-01,f[K_n*?zBX{v
212,Sara Reed,michael96@example.net,Operations,70746,2021-02-01,7pIha5J>M%2Z
213,William Huang,william21@example.org,Sales,80130,2022-02-01,-rO4ue7.W}VM
214,Mary Johnson,eringonzalez@example.com,Finance,117365,2022-08-22,O(-[]jwZGVp8
215,Patrick Mendoza,mark86@example.com,HR,42427,2023-09-12,"dh,R`_*\9W1E"
216,Mrs. Jennifer Lee MD,april68@example.net,HR,57599,2021-06-10,f/ToqGLdLBX@
217,Alicia Stanley,ayalamorgan@example.com,Finance,74518,2023-09-16,"_K,PooX)j'kN"
218,Heather Goodman,maureen21@example.net,HR,40247,2020-08-22,M7xYd$[may8(
219,Kelly Ortega,marcusaustin@example.com,Operations,73762,2022-03-02,7/(dckrelyT2
220,Melinda Cooper,alanmckinney@example.org,HR,49202,2025-01-11,"C5fY""9P(TAci"
221,Christopher Fisher,hernandezdenise@example.com,Engineering,102550,2021-04-12,'?2kjU<vP2#'
222,Melissa Page,jessica22@example.net,Finance,69463,2024-04-30,t|/s-&VU=N.G
223,Rebecca Collins,turnerjames@example.com,Engineering,61632,2024-08-29,lyyxq5B'2P?>
224,Nicole Rich,gallen@example.com,Engineering,118536,2024-05-05,"MZl#h,mIN-&!"
225,Mark Spencer,estradaalexander@example.net,Operations,87272,2021-06-08,c&ewa@6j=wkI
226,Amy Ellison,zolson@example.net,Finance,103555,2021-05-28,+<At3Le=wnmc
227,Jessica Blanchard,ashleygardner@example.net,Engineering,143952,2022-03-16,~A;r<N6QTDLD
228,Kevin Parker,matthewbrady@example.com,Marketing,78679,2021-02-12,@~~y1s]A}I;k
229,Janet Guerrero,perezanita@example.org,Finance,77986,2024-07-15,7{ywJ?Zog*#S
230,Walter Pollard,whitejodi@example.org,Marketing,72307,2021-03-24,tqxD2E-Y1^zz
231,Bryan Cox,melinda60@example.net,HR,79391,2022-10-08,"Xt_`a*xS""I#&"
232,Michael Davis,thompsonkimberly@example.com,HR,58052,2023-07-28,2HaU*W!Kkwo<
233,Juan Shaw,matthew67@example.com,Operations,61861,2022-06-09,)|^I{dX.1g|6
234,Danielle French,ann55@example.net,HR,41388,2024-11-11,"f:2Aob<ykU-,"
235,Deborah Glover,rtucker@example.org,Engineering,109074,2021-10-16,ajV8G]c22g}'
236,Donald Allison,stephanie22@example.net,Engineering,140932,2023-10-27,AOqvVo]Fnfsf
237,Melanie Haney,jenningsashley@example.com,Engineering,117362,2023-01-11,u'R6ttca<1Sm
238,Robert Lewis,john79@example.org,HR,47130,2024-07-21,KSJ}n_*g7plz
239,Linda Howard,ismith@example.net,Finance,63756,2022-04-12,u=-+0/^2J&6r
240,Nicole Roberts,diane88@example.org,HR,49670,2020-03-10,-5y*=R'smixD
241,Robert Suarez,brandy68@example.net,Engineering,84425,2024-07-21,J\@\a.BdB=JU
242,Peter Lewis,stephen87@example.net,Finance,81281,2024-09-09,`HkqJ$cB|Sg>
243,Rebecca Elliott,stonerichard@example.net,Finance,118181,2021-04-18,-.14BeDZA<y}
244,Mark Shannon,amanda23@example.org,Finance,62769,2024-09-11,2PCdyQ?M-+YW
245,Melissa Gentry,rwilliams@example.org,Operations,82365,2023-11-01,:>kV'vBt+x*@
246,Cynthia Andrews,xramirez@example.org,Engineering,99396,2020-06-22,dBiFiY_]Uo`G
247,Michael Hayes,pottercheryl@example.org,Engineering,127714,2020-10-15,E7IJ^V*G2_[z
248,Kerry Bell,jenniferterrell@example.com,Sales,48603,2025-02-26,NR4t.8rmP:_X
249,David Gardner,nallen@example.net,Engineering,108529,2023-11-23,"""flGT4rX[[eb"
250,Jamie Lewis,troy12@example.net,Operations,55329,2022-12-27,"=""r(_zvJi]*@"
251,Craig Jones,longcharles@example.com,HR,41117,2021-08-21,PgAN55dMIqUq
252,Lorraine Hernandez,lisa30@example.net,Finance,96690,2025-02-24,[;6=SeBu'q#u
253,Holly Bentley,htorres@example.org,HR,46622,2024-02-26,IzZ13M`Es#i&
254,Robert Brooks,jaime18@example.com,Operations,72124,2021-01-29,|mM[nzZ<{O+A
255,Robert Fuller,bowmantyrone@example.org,Sales,49708,2024-09-19,mRd3GL<?c<qe
256,Janet Nichols,joneskarina@example.net,Finance,114423,2023-12-18,tY5>Ev<l7lBJ
257,Denise Delacruz,kristinahinton@example.com,Operations,61962,2020-06-26,":h~9,5`!*2"">"
258,Mrs. Lauren Sullivan,pattonlucas@example.org,Marketing,70452,2025-02-23,F#r>sNT?uXoh
259,Colleen Herrera,keithbrooks@example.net,Engineering,90378,2020-05-27,=X?ZoOu5`DGC
260,Matthew Rodriguez,jasonporter@example.net,Engineering,144479,2020-08-22,<g5Pd3X\Ugy#
261,Fernando Newman,tyoung@example.net,Marketing,87483,2021-08-01,!yQ|eT'JpQt]
262,Aaron Caldwell,toni34@example.com,Engineering,145949,2023-05-05,27IO:Ceb}(mr
263,John Grant,rmarshall@example.org,Engineering,113033,2020-07-15,.\9+hC(hcZ?$
264,Jennifer Walters,markhernandez@example.com,Operations,88429,2022-08-15,",DtEH:=!`YhQ"
265,Joseph Hawkins,frank13@example.com,Marketing,69574,2023-12-24,%LdU`B*H:PUG
266,Randy Decker,fhernandez@example.net,Marketing,61869,2021-12-02,"!e},'@[ce""};"
267,Kelly Thomas,monroepamela@example.org,Sales,88854,2024-02-27,"8qkU$D1u,JC&"
268,Hannah Brown,tmatthews@example.org,Engineering,120304,2020-05-11,"knLW./Sd:""'d"
269,Sharon Morse,sarahernandez@example.org,Engineering,86902,2023-03-13,>r(}V\^1)SL)
270,Jonathan Allen,katherinedunn@example.org,Engineering,133257,2024-03-31,^Msrp;v0Z[kF
271,Marie Collins,xwashington@example.org,Finance,58155,2024-01-28,EgD]RtQ*ZoE.
272,Shawn Curtis,thomasjanet@example.org,Engineering,63326,2022-05-28,"QZ>}j[%_DHr,"
273,Mariah Sanchez,steven52@example.com,Marketing,95252,2024-08-11,D<I<ONQN?}Q1
274,Jeremy White,gromero@example.com,Sales,62563,2023-10-28,"~?_,63M=U!%P"
275,Mrs. Shelley Cross,sierracrosby@example.org,Operations,83993,2024-02-13,":}J,[!q$rCz:"
276,Anthony Bryan,summersseth@example.com,HR,59350,2021-07-15,S~1YUGF|.`bk
277,Gary Fox,amybrady@example.net,Marketing,93829,2022-04-02,_$KW4Wx@mNu=
278,Shelly Smith,fknox@example.net,HR,57706,2020-11-01,"nA\1""pjW[xS3"
279,Danielle Benson,davidsonbenjamin@example.com,Sales,54613,2020-06-10,kb4O=#YF'*E:
280,Bryan Vazquez,jamesdean@example.org,Marketing,57257,2021-11-15,:DrO7kR]x1u(
281,Kayla Howell,ianlindsey@example.net,HR,60431,2021-07-07,_/(M21S=te[W
282,Christina Alexander,xlewis@example.com,Finance,63410,2021-07-22,"w&:"">""Y-8</2"
283,Steven Zamora,briannichols@example.com,Finance,108544,2021-10-23,d1%x4`KNKrC=
284,Travis Finley,xsnyder@example.com,Operations,76652,2023-09-13,d]9sN;nfj*+:
285,Mary Stewart DDS,john25@example.net,Sales,59483,2020-09-30,!_nbaM3gSk&z
286,Brian Wilson,richardmays@example.com,Operations,62459,2023-07-02,k13[l|}\{;e$
287,Julie Jones,marymartin@example.com,Engineering,116409,2022-01-27,"KkXmG2twz:E"""
288,Destiny Armstrong,bridgetgreen@example.org,Sales,85560,2022-10-28,"S""Fq5R"",eyi;"
289,Courtney Campbell,gamblerobert@example.net,Marketing,58143,2022-07-13,"kBb&c;4'f>""R"
290,Andrew Hammond,tyler07@example.com,Finance,111796,2020-09-21,\n:UN#}ecaR{
291,Thomas Aguirre,hmontgomery@example.com,Operations,88559,2024-12-21,%.x>e:[zwQUT
292,Gregory Evans,arose@example.com,HR,59292,2022-09-06,/-4tY~:n3D:@
293,William Mayer,powellrichard@example.org,HR,52890,2022-10-21,!t<qU'mC*Eii
294,Albert Morrison,wandalong@example.net,Finance,75928,2024-10-12,"ym2r<:"".aw{@"
295,Richard Galloway,pjacobs@example.org,HR,42877,2021-07-04,\6iBmOBXyy(5
296,Alexander Snyder,timothy29@example.org,Operations,76814,2021-08-30,uH}C_T0NJ/(E
297,Ashley Torres,rscott@example.com,Engineering,60561,2024-06-09,5)B$N$Qhjd&9
298,Alexander Miller,beth94@example.com,Finance,77806,2024-04-24,"xA""59FbwwrTQ"
299,Justin Rasmussen,qschwartz@example.net,Marketing,77873,2020-12-06,"}$;gp)HNIf""-"
300,Michelle Rodriguez,andrew85@example.net,Finance,60914,2022-05-17,JdYrbH*hbc+V
301,Benjamin Henry,rachelbarnes@example.com,Sales,87432,2022-09-16,"nhtLc[J,jdIz"
302,Mario Ortega,shawn17@example.org,Marketing,78415,2024-03-02,a#/p{^Nh|fs`
303,Joseph Pratt,fgordon@example.net,HR,57095,2021-10-17,/OqN<%xQ(qss
304,Drew Drake,hawkinsjonathan@example.org,HR,59791,2022-11-05,3bIxNLza{XZ*
305,David Weaver,kevin92@example.com,HR,42237,2022-02-13,IC+\_ZfYJPxa
306,Timothy Salazar,castillomichelle@example.org,Finance,74853,2022-05-06,h]e)nXWAP1Md
307,Amy Gordon,clayton97@example.com,Engineering,121102,2023-01-06,"xl#e{_=e,CXB"
308,Julia Martin,wkelly@example.com,HR,67987,2022-08-08,H5>O$j|x(ZyW
309,Sara Moreno,ulong@example.net,Marketing,70247,2021-01-01,$wTnQmGJ28eB
310,Michael Maddox,stephaniegray@example.com,Engineering,88671,2020-06-21,yNBw[fx>ny\:
311,Catherine Reed,russell68@example.com,Marketing,90562,2022-02-06,Ep}!9|w?4j.c
312,Brandy Taylor,gutierrezrebecca@example.net,HR,75963,2025-02-11,pJn#P$FQ3epr
313,Whitney Terry,egreer@example.net,Marketing,54229,2022-05-08,kw>T]jU.7f^s
314,Heather Harris,gravesjessica@example.org,Finance,99827,2021-12-20,c]>q!eN/IMi]
315,Melissa Lowe,ubryant@example.net,Operations,67963,2021-01-12,Ux*Qx}XpA82-
316,Cody Perez,steven39@example.org,HR,44415,2022-07-04,"8lNi,,(h5d2K"
317,Tiffany Johnson,underwoodanna@example.net,Sales,52522,2021-04-28,ogACZpbqYxBd
318,Kathleen Small,jayhoward@example.net,Finance,115627,2023-10-14,4:%L=;7ZU=@f
319,Elizabeth Mcgrath,christopher41@example.net,Engineering,84798,2020-05-18,SW`<'7vAK{|M
320,Kenneth Buckley,fosterkyle@example.net,Finance,106433,2021-01-21,v0_zcK`5c[)X
321,Carol Peterson,ujackson@example.com,HR,45386,2021-07-31,C)e_#TU];o)*
322,Ariel Nunez,zmanning@example.net,Sales,48795,2020-12-14,jxRp&<X|a$dM
323,Stephanie Cabrera,wdeleon@example.net,Sales,82468,2021-06-29,=D:GH^`Sm>TA
324,Margaret Castro,bthomas@example.org,Finance,84737,2024-07-25,"$j+K_1VY-,8U"
325,Richard Campbell,ylee@example.org,Engineering,100579,2020-06-27,1tU9^U53*1$9
326,Shawn Cannon,lgonzalez@example.com,HR,73921,2023-03-23,j@%{RS`Jz/B^
327,John Watson,jacobmcdowell@example.org,Engineering,138224,2021-10-13,cvbfvi8JTyKu
328,Laura Ward,erica83@example.com,Engineering,63317,2021-01-09,6IL2m{x'&0_=
329,Debbie Hoffman,michael14@example.org,Finance,70411,2024-03-04,|tO~\d}8)%en
330,Robert Duncan,mikayla54@example.com,Engineering,93893,2024-02-13,"kuL8GYdhH1l"""
331,Benjamin Jackson,perezmichelle@example.com,Sales,71617,2021-03-20,"`""d3-j""h)>&;"
332,Carmen Silva,ewilliams@example.com,Marketing,65592,2021-10-17,Vn~^087Q!Td4
333,Danielle Dickson,ambertucker@example.org,HR,68990,2023-06-08,^B;L%gdEny3G
334,Ryan Riley,upatrick@example.net,Engineering,149442,2024-10-26,!5KBfj4Xw]|~
335,Christopher Hendrix,jennifer37@example.com,Operations,74721,2020-11-04,V%u~}QP{<hG7
336,Angela Davis,george23@example.net,Engineering,97499,2024-11-02,W`Fu.e&|^Z#j
337,Ashley Schneider,gary12@example.net,Operations,64338,2021-10-18,"M*NJx{.""}3`\"
338,Susan Huffman,stephanie29@example.net,Engineering,112413,2021-02-23,h\=G!3qb;Sv1
339,Bobby Swanson,eprice@example.net,Operations,66333,2021-06-10,9cmUPG:G2Ntf
340,Erica Cantu,lisa18@example.org,Finance,112788,2023-06-06,"gK}S;-*Vj,`>"
341,James Alexander,stephanie26@example.net,Engineering,87114,2025-01-26,",h).{Jp&5^b:"
342,Michael White,parrishmichael@example.com,Sales,65776,2020-10-15,Q|$2)~t7G\-!
343,Cindy Reyes,justin66@example.org,Engineering,137087,2020-05-01,5dVmO4YRY/@>
344,Amber Anderson,stevenlopez@example.org,Sales,64717,2024-02-10,/G^Jz+4W+/OV
345,David Casey,warddavid@example.com,HR,77897,2024-06-10,"6H6n,BY^S:Yp"
346,Sarah Benson,sarah23@example.org,Engineering,94841,2020-07-19,VZsd#-rIc%R(
347,Samantha Gutierrez,adrianadavis@example.net,Engineering,113778,2021-09-16,>aJ'%)YeqFI@
348,Monica Vega,ccopeland@example.net,Operations,83944,2024-11-24,rLx^uIi&E$\=
349,Christopher Morales,kennedytimothy@example.com,Operations,70909,2024-12-30,+!xM%joVBi7b
350,Ryan Morris,xpowell@example.org,Marketing,68566,2023-01-24,nAU<lL:Q]+qc
351,Eric Wilson,nortiz@example.net,Finance,101953,2022-08-10,y9$=oY$H7b*m
352,Richard Torres,alopez@example.org,Marketing,80147,2023-02-24,%>JVQMsYdv^>
353,Jeffrey Lewis,samanthabond@example.net,HR,58082,2021-09-03,n4|v}R*f`&%T
354,Joseph Wells,roberto45@example.net,Marketing,70553,2023-05-22,":F,#\}Xp_=w8"
355,Matthew Harper,johnsonbryan@example.com,Finance,78712,2022-05-14,"cx4""T>Ekl0>+"
356,Margaret Higgins,fmyers@example.com,Operations,74181,2021-01-04,+Q7UiDL(YkMl
357,Erin Kramer,pamelamartinez@example.com,Operations,77435,2022-05-18,I)Hw3l:]'GXd
358,Alyssa Gilbert,sarah25@example.com,HR,74226,2020-06-22,)ZWhqt!oS#Vd
359,Jessica Parrish,ramirezmatthew@example.net,Sales,73626,2023-11-26,uR!wh*|sGcR>
360,Christy Powell,pamelaolsen@example.org,Engineering,137663,2024-02-11,Gf#U-Q5/E\!0
361,Donna Pierce,ksmall@example.net,Finance,110362,2020-08-01,LDx/O;(e18=]
362,Garrett Maynard,vanderson@example.net,Marketing,60124,2021-08-27,19[k_tEHc6<^
363,Jessica Nguyen,leblanckathryn@example.net,Marketing,99880,2024-06-26,aoI<:@sBLP)/
364,Debra Lowery,jamescobb@example.org,Marketing,58881,2024-05-07,Dfy-SvaO8w&*
365,Eric Mitchell,brandi60@example.net,Marketing,87605,2021-11-24,c{jl}houWs?D
366,Erika Jordan,lorraine11@example.com,Finance,106392,2024-02-28,h$Oi{^E|&sR[
367,Frank Lee,anthony07@example.org,HR,47475,2021-02-07,|dHOpy9Po\nE
368,Christine Rich,jerrylogan@example.net,Operations,76618,2024-08-10,#mAFJm%x.V|T
369,Geoffrey Reynolds,garcialynn@example.net,HR,57901,2023-11-10,MocA.2n2Bz#r
370,David Ortiz,rdavis@example.net,Finance,64900,2024-05-30,l56!t~2M/:~n
371,Crystal Cervantes,jamescollins@example.net,Engineering,82318,2024-02-07,"`)aU/K,l&%}*"
372,Kevin Whitehead,michaelgarrett@example.org,Sales,89848,2024-11-11,-.^F4Z^Fz<s\
373,Stephanie Price,aramos@example.net,HR,41565,2021-05-16,"J^3""plmYB])7"
374,Donna Mills,kevinsexton@example.net,Operations,85608,2023-04-08,"YDS""N!?>@:G^"
375,Thomas Hodge,duncanjeffrey@example.com,Engineering,96268,2023-08-20,1yO[qIDK}:xV
376,Crystal Knight,nicoleashley@example.com,HR,62034,2022-07-07,NjJO7+@N\=:>
377,Lauren Barnes,bsanchez@example.net,Sales,53736,2022-01-02,"pNyEO0s^mu!"""
378,Jessica Tate,ahale@example.org,Sales,53686,2024-05-02,O?KD.RVcW&iN
379,Amy Whitaker,timothy80@example.com,HR,65263,2022-06-12,l6~rN#4;@fb^
380,Dr. Jacqueline Wilson,ylee@example.com,Marketing,56411,2021-11-01,!!i8eTC<Bz9f
381,Steven Carroll,heather30@example.net,Engineering,108971,2022-08-17,"3<^*k'-lb""2}"
382,Richard Morrison,stephen54@example.org,Finance,85279,2022-02-06,C3%;y9!2kBZ/
383,Monica Bailey,kristina99@example.net,HR,45356,2023-11-13,"}P3xS6""bYq+m"
384,Amanda Williams,dsmith@example.org,HR,49144,2022-08-14,"[c""5R)w]Kw):"
385,Derek Owens,kristen03@example.net,Sales,56884,2022-07-30,"9=,vuCYXKWAW"
386,Dr. Tracy Roberts,elizabethwright@example.org,HR,45176,2020-07-29,0}i`0.VK*OtW
387,Monique Martin,rsmith@example.com,HR,43768,2024-06-21,H5dOJ:`.}qRQ
388,Joy Castro,harrisonstacy@example.net,Sales,71894,2023-02-23,"f%.XEomI[I""h"
389,Elizabeth Blackwell,ashleyroach@example.com,Engineering,114700,2023-10-20,>Ec=c]*4Jt65
390,Dustin Love,jasonpark@example.org,Finance,106085,2023-04-23,-ykOqfHQptvI
391,Joseph Jacobson,richardblankenship@example.org,Engineering,145610,2024-01-28,0pCsqC91JzFh
392,Paula Kaiser,kelsey18@example.com,Engineering,127873,2021-06-02,";8VDKd44""cir"
393,Heather Dunn,andersonmckenzie@example.org,Finance,99888,2021-11-03,H0u!vdw05;<&
394,Taylor Baird,zjohnson@example.org,Marketing,76985,2023-10-11,ind=3*5]0KFg
395,Allison Hansen,valeriejones@example.com,Sales,49016,2020-04-22,94')zTXuHfDd
396,Maria Green,zsmith@example.net,Operations,50318,2021-05-19,B?=hcxjP4An/
397,Eric Spencer,lorettaadkins@example.net,Engineering,148987,2020-03-15,mExbH%;ZdxZE
398,Michael Mason,leslie21@example.com,Operations,69717,2022-02-15,"v'ye,ZE$YN9n"
399,Kathryn Ferguson,youngallison@example.com,Operations,76482,2022-07-15,"V]jc3hG""uo32"
400,Jillian Simmons,owenmark@example.org,Finance,68803,2020-07-24,X:/+i%9gl:J<
401,Cheryl Bullock,jenkinsstephanie@example.com,Sales,86507,2024-01-07,"V[L3b6R(|E,o"
402,Leslie Kline DDS,amber25@example.org,Finance,87298,2024-10-09,"-K)(3<&%93""x"
403,Reginald Anderson,arthurcampbell@example.org,Engineering,70158,2022-05-24,"vex+v`xT,J4C"
404,Rebecca Allen MD,butleramber@example.com,HR,59389,2020-07-16,"Swxb2W63""153"
405,Andrew Moore,andrea78@example.net,Engineering,95012,2023-04-27,y{|RQn@4@*N\
406,Wendy Green,mary62@example.net,Finance,79878,2024-08-15,z3PvH%J<NKWw
407,Andre Brown,ihopkins@example.org,Sales,57178,2022-01-25,[!Yj{(?tX}C>
408,Daniel Patterson,martinspencer@example.org,Marketing,67036,2023-07-10,x.BUa1+>b.~<
409,Michaela Lara,sanchezwilliam@example.com,Operations,84740,2024-10-14,[>r$jp4sYi`^
410,Tyler Lowe,sanchezkeith@example.org,Marketing,96531,2021-09-25,Pzy9UoACyE9[
411,Ryan Campbell,melissamolina@example.org,HR,59816,2023-12-16,Yvr<ZFjJ8d>A
412,Eric Reynolds,albert93@example.com,Operations,62535,2020-12-29,"""v\dtp4RF(o8"
413,Nicholas Johnson,walltara@example.org,Engineering,136994,2022-12-03,6aU):=~8x4`7
414,Jennifer Jordan,robertsonnatalie@example.net,Sales,58274,2022-10-02,"!%c$z5gU""6&b"
415,Jeffrey Carr,eileenlynch@example.org,Marketing,88189,2021-05-11,"ptG},dIB6CFZ"
416,Steven Brown,davidenglish@example.net,Operations,51792,2024-02-10,m{TlE{/]4.(D
417,Ruth Jones,lwaters@example.net,Sales,46139,2020-08-16,\vyG.G+Y^a^V
418,Charles Clark,ufitzpatrick@example.com,HR,71432,2021-01-11,)FD[GUUECtfK
419,John Holden,johnsonamber@example.org,Sales,70177,2022-06-08,jpVH#{A&<wC!
420,Mrs. Kelly Suarez,wyu@example.org,Engineering,112326,2025-01-21,-(*dTplLd;Xb
421,Craig Koch,kinggwendolyn@example.org,Marketing,94001,2021-07-15,H%B;SOuh'A]T
422,Mary Miller,harriskimberly@example.net,HR,45981,2023-09-28,\F]2e2*fa.TC
423,Christy Chandler,sarahtrujillo@example.com,Sales,88257,2020-08-16,IKr+76{^&R.L
424,Travis Morris,courtney77@example.net,Engineering,100246,2023-09-02,~>!!Bx&\J9&i
425,Lisa Robinson,wroberts@example.net,Marketing,52894,2021-10-04,"WzB-~!c_,kHn"
426,Christopher Marshall,kim63@example.com,Operations,81458,2024-10-05,"(u12]xv""LSUx"
427,Tammy Jones,jennifercampbell@example.net,Operations,93493,2023-10-30,;T4l7)LTD4Wa
428,Nathan Rios,nmoore@example.net,Sales,86842,2023-12-08,[x;RI?\[\Vn6
429,Brendan Leon,cindycortez@example.com,Finance,89146,2021-04-25,91_&w;{lg~zb
430,Victoria Turner,aarnold@example.org,Finance,86037,2023-05-24,"GHF,);TVE@El"
431,April Reilly,cknox@example.com,Marketing,66135,2023-09-12,"""WCq@G)l`_dp"
432,John Lewis,cheryldavis@example.net,Operations,68912,2020-04-04,=fsKAr}cI]S&
433,Kristen Smith,shepardpatricia@example.com,HR,61031,2024-07-29,Y%J/t?c$M[1V
434,Lisa Hubbard,garciamichael@example.org,Marketing,86149,2020-04-19,^\!.KwknGz>S
435,Heather James,myersdaniel@example.org,Sales,54928,2022-11-05,-@ReOyCW}((s
436,Sarah Ho,victoria51@example.net,HR,57233,2023-05-19,u(=rIt=:a5*=
437,Angelica Rodriguez,amanda47@example.net,Marketing,99897,2020-04-24,\6mq~pp`@b6$
438,Shelley Boyer,joannacampbell@example.net,Finance,89070,2021-10-30,i3{`sjJ10lli
439,George Sims,deborah92@example.com,Engineering,109045,2020-12-19,}X2H63.0|=PR
440,Caitlin Murphy,pamelagomez@example.com,Engineering,94080,2023-05-11,=*!Rv!CGoZHY
441,Jared Green,yvette70@example.com,Engineering,73431,2020-07-30,q;+vvc3h.^7S
442,Jennifer Wells,xvang@example.com,Sales,87458,2024-06-16,;A<]j#jP#cW%
443,Teresa Hodge,panderson@example.net,Finance,105199,2021-05-14,Q~hbC;8Z%.YK
444,Amanda Roberts,bonnieadams@example.org,Finance,97273,2023-08-07,~j/f/XLRwZ6}
445,Logan Anderson,carrollkevin@example.com,HR,72439,2023-11-01,>p9?EJbBYGaT
446,Scott Gutierrez,powellchristopher@example.com,Engineering,77788,2024-04-05,")`R\=""w([yZv"
447,Nathan Freeman,johnfranklin@example.org,Marketing,80389,2024-06-10,x@X9m'o)_VPe
448,Daniel Garcia,benjamin63@example.org,Finance,84372,2021-03-15,IMC34ZUwJ7Dz
449,Lori Gilbert,ninamiles@example.org,Engineering,62638,2022-07-12,1UHWDbF7T5^6
450,Robert Roman,grossmary@example.org,Engineering,63300,2023-06-18,>B~q7[./:D3Z
451,Mary Park,samantha77@example.com,HR,47573,2024-09-26,_W~'{2:>xv(W
452,Paula Travis,jon05@example.com,Operations,81844,2023-05-22,*/zvTdF.\ho1
453,David Simpson,thompsongina@example.net,Operations,67275,2022-09-19,H~Z^OxKj(Y=D
454,Dennis Riddle,brandonmaxwell@example.org,Operations,66946,2023-12-18,}Qn'JjO/Xs^>
455,Ronald Turner,mccartymallory@example.net,Finance,104732,2023-01-12,Q0%iy5+]j]uz
456,Benjamin Kelley,loristevens@example.net,HR,73389,2025-03-05,"R,LU*IWP.C)z"
457,Veronica Smith,mcphersonedward@example.org,HR,41140,2024-08-07,c+~t@=ZnO$H^
458,Austin Castillo,lynchrobert@example.net,HR,74578,2023-01-29,*ciZ#~L^%7GU
459,Emily Mitchell,athompson@example.org,HR,54346,2022-06-28,3O?7.~UriaY]
460,Richard Garcia,camposbrandy@example.com,Finance,82505,2020-11-13,lGa^/>@vGzNA
461,Lindsey Bates,andrealopez@example.net,HR,55037,2022-02-19,*^(R}T'CzWGa
462,Wayne Goodman,alyssa60@example.org,Finance,95394,2020-08-07,`u7-2+T[TO@9
463,David Watson,edwardswilliam@example.net,Engineering,84237,2023-11-14,"e_K,6><@g&ZL"
464,Mary Williams,patricialyons@example.com,Finance,67248,2024-04-27,[E>saqetd=9q
465,Autumn Martinez,snowjustin@example.com,Sales,77826,2022-05-13,cZ~!!ZsL+Kx+
466,Kaitlyn Tucker,thomas33@example.org,Operations,69602,2024-07-23,ms&29]?AAI}g
467,Kimberly Peters,santanajoseph@example.com,Engineering,137557,2021-11-01,vqvT\4F=/b}E
468,Katie Brown,dale44@example.org,Sales,49321,2021-02-10,"M7J,{_RPul-8"
469,Alexandra Harvey,dandrade@example.com,Finance,118534,2022-07-12,N|gupSgi}utB
470,Amber Hebert,michael50@example.com,Marketing,71050,2022-01-28,Rvnc?qod(mOD
471,April Wang,javery@example.com,Engineering,72823,2023-02-07,/lhngG8&6GAW
472,Shane Moore,elucero@example.org,Sales,82256,2021-11-11,"rWAiLskM`""K_"
473,Anita Conway,williemcguire@example.net,Finance,74802,2021-12-09,"T<,jKi{E}La2"
474,Alejandro Simmons,lpatrick@example.org,HR,43368,2023-01-15,!DcTZ(NE-&5\
475,Michael Stark,chad57@example.com,Operations,93284,2025-03-03,4wlYHI):#Nn&
476,Dana Miller,fullerkaitlyn@example.org,HR,42066,2020-03-09,ft?VN?;`~bXF
477,Kathleen Ortiz,johnsonbrian@example.net,Finance,61964,2021-05-21,)Zb\X\2%tRC=
478,Bonnie Duran,mario54@example.org,HR,56066,2023-09-28,/Z?a[7]zis0S
479,Brandon Taylor,tina54@example.com,Marketing,60567,2022-09-21,ek)&cOs7X?lb
480,Edward Mayo,michael21@example.net,Finance,62231,2024-12-29,)+_+F|@G0FWk
481,Brittany Colon,abbottfrank@example.net,Marketing,96250,2022-02-21,"@^Q74>QA,<ZZ"
482,Linda Williams,weaverkevin@example.com,Sales,46604,2020-12-18,YTI5NNipzqP$
483,Eric Molina,morsealicia@example.org,Engineering,89461,2024-03-17,Q[bg0%WqkMOI
484,Thomas Lyons,frances85@example.com,Sales,65924,2025-02-05,"uhywAn8^Y8,j"
485,Eric Thomas,jamesthompson@example.net,Marketing,83875,2020-07-21,"Dt&K>B3.s[j"""
486,Jessica Richardson,allenkristopher@example.org,Engineering,73246,2023-05-16,"""}syT<0PbmM;"
487,Kyle Edwards,byoung@example.com,Finance,113498,2023-06-20,K#mu4ni{:P>#
488,Yolanda Johnson,adam77@example.com,Sales,58934,2022-05-15,wWV1\vPA<vj4
489,Andre Sanchez,kristinmiller@example.net,Sales,80516,2021-04-08,19?b]v[^BgbH
490,Melissa Dixon,reesemaria@example.net,Operations,69045,2020-06-01,r'Z%q{$2c9'\
491,Jennifer Kelly,traviscraig@example.net,Engineering,123833,2022-12-21,&GEmr[D&73`6
492,Jasmine Williams,zgarcia@example.org,HR,53035,2020-10-28,"v$q6z\7e""UFt"
493,Mark Larson,ellisonscott@example.com,Engineering,102796,2024-02-16,op=&nhK4t/{U
494,Regina Williams,danieldawson@example.net,Engineering,92112,2020-08-12,D3hs4_.wOfoj
495,Peter Green,lisa52@example.org,Finance,59698,2021-02-11,YcQ{CoI>]3Ym
496,Eric Heath,hilldaniel@example.com,Marketing,76998,2021-01-06,2ELv]^f]2A5T
497,Jade James,jamesroberts@example.net,Marketing,76546,2021-03-01,"}!""@{%2Z4~L%"
498,Judy Estrada,sanchezjustin@example.org,Sales,85586,2021-12-23,"cj,[:W^\g&y|"
499,Pamela Carlson,kimbenson@example.org,Engineering,85880,2024-09-15,nn5VVm^$o$-P
500,Laura Rodriguez,dsmith@example.org,Finance,88380,2021-10-12,"+xU""yNWbdVtG"
501,Timothy Thompson,debbiepace@example.net,Finance,105064,2021-04-25,z/E5YL\[ya^@
502,Melanie Brown,penamark@example.com,HR,42495,2020-07-21,uNK\;|Wu&HGJ
503,Janice Greer,floresstacy@example.net,HR,50664,2021-03-05,{ZMlf4ti&U=g
504,John Leach,kimberly16@example.com,HR,52109,2024-04-19,{>f2%E\T*~&L
505,Sandra Rivera,katelyn16@example.com,Engineering,110792,2022-06-16,FBB{Xib/Ou$-
506,Mark Jensen MD,nhouse@example.net,Engineering,79544,2020-07-11,AiW<Ys=?>?sy
507,Dustin Hill,jmccarthy@example.org,Operations,92688,2023-07-04,8OKGBO~YN'*~
508,Jonathan Weaver,dominguezerica@example.org,Finance,104063,2020-03-24,Pk|~2:QCR)uB
509,Bethany Stevens,christophermcguire@example.org,HR,75604,2020-10-19,;rFn!UQ#-I$3
510,Linda Arnold,brettevans@example.com,Finance,115530,2024-08-24,;5Xkq{VBa'pU
511,Susan Dominguez,floresdenise@example.com,Engineering,113235,2021-11-14,hZ>8JNU@=aO@
512,Paul Gray,mooredavid@example.com,Operations,92476,2021-05-04,vQPyP~<3coQO
513,Charles Evans,emily38@example.org,Operations,89043,2020-12-01,G|yjZBnKDko4
514,Ms. Lauren Vaughan,whiteheadkimberly@example.com,Engineering,77326,2024-02-19,dJIgHz:]tyYk
515,Kaitlin Higgins,goodmanrobert@example.net,Engineering,144575,2023-06-06,"B@612zhu,LXP"
516,Stacey Davis,josegarner@example.net,HR,54023,2022-12-17,9`3+OQ5E`UjK
517,Oscar Turner,stephenstewart@example.org,Marketing,73437,2020-05-14,_j?oKvxJo~:c
518,Michelle Martinez,michaeltucker@example.com,Sales,73827,2023-05-18,VdHAu(%[V|V6
519,Rickey Duran,freemancheryl@example.com,Engineering,140489,2024-06-14,*/^sc)AIjT%R
520,Daniel Robinson,rioslisa@example.net,Operations,64361,2021-08-05,oUOYBQ-Cv{oa
521,Jessica Williams,vmiller@example.org,Engineering,84870,2021-11-02,i:0*'ebsmCvt
522,Jimmy Giles,valerie72@example.com,HR,41913,2024-02-02,Nnf{$_uc6?*4
523,Dale Wilson,collinsvictoria@example.net,Finance,105463,2021-05-20,"""5?6,D<4UdXT"
524,Ronnie Moon,adamsrichard@example.net,Marketing,77916,2021-11-10,G|ipcw=&k*iT
525,Amber Blair,vbrown@example.com,Sales,84853,2022-05-04,`9g#J-2$o-+R
526,Theresa Campbell,apage@example.com,Finance,82858,2024-06-15,7D&F#Y7N^ty(
527,Paul Allen,jennifer08@example.org,HR,45794,2024-05-20,&u;Xd?#=>]3[
528,Kyle Hawkins,austinraymond@example.net,Operations,53301,2021-06-25,"xAJ[ZO(Y["",q"
529,Leah Cannon,nicholas55@example.net,Marketing,78969,2023-11-12,4wQ$YT[pB0/T
530,Guy Peters,bishopallen@example.net,Finance,108901,2020-10-25,"L""vf57l#D?T="
531,Joseph Hall,kimberlybennett@example.org,Sales,57887,2020-10-10,"""[dH9t0,3/`s"
532,Robert Hayes,jamie38@example.com,Engineering,136658,2020-10-03,"O^G;f0,!iIQg"
533,Melissa Roberts,barbara75@example.com,Marketing,94979,2021-10-13,)DUV=Ce=4m>_
534,Heidi Noble,robin77@example.org,Engineering,105315,2021-08-05,"6""(GjDv""`|A,"
535,Suzanne Mccullough,michele19@example.org,Engineering,147959,2020-05-17,V]X0WU|uwX-v
536,Rebecca Miller,stacy36@example.org,Finance,98671,2021-02-17,w]{7I@~>xqU!
537,Emily Edwards,ivangibbs@example.net,Sales,67976,2021-03-10,r6P7[r/in^Dy
538,Brian Rowe,thomasjoshua@example.com,Operations,89210,2022-01-16,[mI;HpE+4;VS
539,Karl Vaughn,brandonhorne@example.net,Marketing,66504,2022-06-10,.zl7<N)ej\Ww
540,Ashley Kaufman,brittany13@example.net,Marketing,79784,2022-10-26,jZ|-Mno)t;J*
541,Barbara Guzman,kellyruiz@example.org,Engineering,102511,2022-11-08,IrMy*knhZ<J+
542,Laura Adams,emilymoody@example.net,Marketing,73506,2023-12-21,:Uj]*GjtPfTn
543,Diane Mcconnell,sara91@example.org,Finance,104377,2021-01-23,^OhP~wGMn%wh
544,Scott Salazar,xwest@example.net,HR,71648,2021-03-11,`TQ!c+Mj3at\
545,Stacey Carroll,barajaschristina@example.com,Engineering,102287,2023-10-15,_jMG6}Y9T^~W
546,Jonathan Nichols,wilsontammy@example.org,Finance,99937,2022-06-22,UW4AolD)z@3H
547,James Brown,robert21@example.net,Marketing,59201,2022-06-30,Ue4i75$?[_5o
548,Jennifer Daniel,psmith@example.org,Marketing,95138,2021-07-16,0iLJQYRi%>ou
549,Amber Mercer,christopher98@example.org,Engineering,101437,2022-10-14,AG[YyFBHmlUg
550,Lauren Davis,dwilliamson@example.com,Marketing,74098,2021-12-13,VVj6]J*P5Vbm
551,Julie Leon,nicholasdavis@example.com,Engineering,88666,2023-11-05,_6:4L\s?:~uN
552,Sandra Espinoza,kmorris@example.org,Operations,62923,2021-10-03,rL]']|m)}HmY
553,Michelle Bennett,pricemike@example.com,Marketing,92800,2024-01-09,WY1/_:*gUiSh
554,Amber Ewing,james98@example.net,Engineering,127924,2020-06-20,"1wM2#czZ*""qk"
555,Mr. Sean Baldwin,steven86@example.com,Engineering,94166,2024-05-26,DXizs2ZMB~]$
556,Jonathon Hernandez,mirandapineda@example.net,Finance,101181,2021-02-18,pZygs!$[?Y!(
557,Jasmine Williams,lisafrye@example.net,Finance,115658,2024-08-17,_]+6'Y:FsFzs
558,Thomas Jackson,amberoliver@example.com,Operations,93800,2022-11-23,B1f)f?}dpVQw
559,Julian Spence,hessyvonne@example.com,Sales,83689,2023-07-06,"DC.W2O}N""hY\"
560,Frank Hurst,rebecca84@example.com,Operations,91054,2021-01-06,~x$8.);n7AR!
561,Emily Miller,kclark@example.com,Sales,49755,2024-04-20,pWDT{(2ZGzDm
562,Renee Norman,monica29@example.net,HR,78239,2024-08-07,"3pA].b,6*'Sn"
563,Elizabeth Gray,newtonalexis@example.com,HR,66595,2023-08-19,}KUOwh<K3|+j
564,Melissa Jones,modonnell@example.com,Sales,69417,2021-02-07,]$`j*YI]I@/n
565,William Smith,scottwilliams@example.net,Operations,87842,2022-06-10,z:m\{04P3&r!
566,Pamela Ramos,jellis@example.net,HR,73837,2021-03-23,e`uCwWA;={{}
567,Bobby Hicks,david48@example.com,Finance,111629,2022-06-09,Zfc9*{c8*&BF
568,Angel Burke,gregorygonzalez@example.net,Engineering,98179,2022-12-08,bzNwF$(vl-_j
569,Lisa Wright,dnelson@example.net,Operations,63276,2021-11-29,"Rsf9,%QM@j7T"
570,Deborah Charles MD,dalton89@example.com,Operations,80642,2024-01-07,C~je)}?AG4Yc
571,Cody Vaughn,everettrobert@example.com,HR,42415,2023-11-21,Xl\s<m7}nUD`
572,Sarah Long,gmason@example.net,HR,54697,2020-11-16,"!<""tyYnah0s1"
573,Karen Young,brian85@example.com,Engineering,137561,2022-10-17,eMts#T_}8N&2
574,Patrick Chapman,qandrade@example.org,Operations,67867,2023-06-02,m5CprPUc#7pW
575,Heidi Romero,floresmichael@example.net,Operations,74675,2022-12-03,pN$ed8zm8{N]
576,Ronnie Simon,esheppard@example.org,Marketing,56853,2023-07-14,"pa7.X'8`O,_3"
577,Jackson Howard,richard79@example.org,Finance,80725,2022-11-30,F'gZv83NKB).
578,Darrell Alexander,kjackson@example.net,Sales,61164,2023-06-05,`Z{:X3{4:_`)
579,Joshua Fischer,ashleytaylor@example.net,Finance,83367,2024-11-13,"kW,Qf;wT,mWG"
580,April Knight,morrisonashlee@example.org,Finance,69006,2022-03-18,nLp!TG}yl;fW
581,Carla Smith,whitneyphillips@example.com,Finance,61460,2023-07-14,?G;H.#e&=!Aw
582,Carrie Perez,tgilmore@example.org,Marketing,77102,2020-06-24,9engs[<h9i/l
583,Zachary Griffin,gregggonzalez@example.net,Sales,80438,2020-12-09,"_S|o77GDk""~5"
584,Edward Herrera,timothy09@example.org,Engineering,111441,2022-05-19,"/l?""}6B_LY.{"
585,Wyatt Jackson,johnnyramsey@example.net,Marketing,68580,2022-08-30,"J_3v""tFXl&=l"
586,Mark Grant PhD,millermichael@example.org,HR,43859,2024-07-01,Aq)x^:P9(D%v
587,Jason Nelson,proach@example.org,HR,48894,2021-05-13,"|J%-,>O(^xl|"
588,Matthew Bates,gary39@example.com,Engineering,144748,2024-06-20,i8=05!syWFah
589,Theresa Miller,katherinesmith@example.org,Engineering,127889,2021-02-09,Y(7e[}-19:#;
590,Carlos Valdez,allendoris@example.org,Operations,63426,2024-11-26,"$>(vpzbrT"")X"
591,Jacqueline Long,elaine77@example.org,Engineering,99028,2020-07-25,d$n;W^hHyp~+
592,Deborah Johnson,andersonchristine@example.com,Operations,70777,2021-09-14,6zs#G.Vv*2NL
593,David Martin,samanthacunningham@example.org,Sales,87226,2023-06-02,Umh+>e'FF%8X
594,Mary Dawson,bettyesparza@example.com,Operations,90541,2025-02-13,":-n5,vCu@t{2"
595,Andrew Rodriguez,blakeking@example.net,Marketing,68440,2022-03-31,F1k\zx\XI]ho
596,Austin Cox,susanrodriguez@example.net,HR,46558,2024-05-12,"soH`,}/[!L8F"
597,Monique Griffin,kevinvasquez@example.com,Engineering,147959,2023-09-05,~^=U/{]vdv~A
598,Timothy Parker,hkaiser@example.com,Sales,66814,2025-01-06,~2\Hz9=9r_Fa
599,Dalton Walsh,julie98@example.net,Engineering,64754,2022-02-17,%gAz`{<]nImu
600,Lisa Salinas,ochoaemily@example.net,Finance,109355,2021-04-08,NGJi-E^Eb!.0
601,Tyler Watson,laurenbaker@example.org,Finance,78363,2022-11-30,vBXFZGZde#NS
602,Daniel Dickerson,tyler08@example.org,Engineering,112448,2020-08-17,d)#I2B6VaQ=E
603,Robert Adkins,doris76@example.org,Finance,84651,2023-01-05,"8-u31$l[""<+I"
604,Samuel Little,teresawhitaker@example.org,Operations,70094,2020-03-10,"fy,89OuEC%WZ"
605,Derek Moore,qvaughn@example.net,Operations,77995,2021-02-10,KuCgow:o&Bf-
606,Shirley Booker,ryan41@example.org,Sales,63724,2020-07-05,H2CX6G>`j\F[
607,Danielle Morgan,jason34@example.com,Engineering,132200,2024-07-12,jier~rB5md:m
608,Lawrence Bright,shelbyandrews@example.net,Finance,109694,2021-08-19,".Z""Bo'|aN[Wy"
609,Linda Robertson,terri59@example.com,Operations,65465,2021-10-16,"d`2""L""M|n1QM"
610,Mathew Silva,ryanlee@example.net,Engineering,140344,2021-06-24,!1O@<rP5qBW(
611,Travis Lyons,jclark@example.com,Marketing,72369,2023-09-03,tLPm'|p7$T%9
612,Jasmine Evans,mannzachary@example.org,HR,75533,2024-08-13,O>H;5mY<pnFo
613,Clinton Hill,warnersean@example.com,Operations,79250,2021-12-16,vZ`+-{P`u[]~
614,Todd Allen,tgonzales@example.net,Engineering,120512,2021-05-14,"Z,CkS>3p1n^q"
615,Lori Rhodes,michaelflynn@example.org,Finance,58935,2022-06-28,Hs:OmHvC%x`*
616,Casey Christensen,rbrown@example.net,HR,70754,2024-09-17,0ylmVV/0t8R9
617,Kyle Davis,mjohnson@example.com,Marketing,58468,2023-04-30,Q/i`)H{l;OG8
618,Christopher Harris,sue46@example.com,Finance,67930,2023-07-25,"B*?3#rY^3Oj"""
619,Nicole Rose,djenkins@example.net,Marketing,51197,2020-09-27,/`b}mOr\tHEc
620,Sara Booth,youngstacy@example.com,Engineering,81709,2020-10-12,",l;MYZaZH*A6"
621,Anthony Jennings,wzimmerman@example.org,Engineering,101163,2024-12-20,C4sqOa5H65Eq
622,Ashley Wade,josecobb@example.org,Sales,58205,2022-07-20,O-*rWl5w!n`#
623,John Nelson,omyers@example.net,Sales,61233,2023-05-24,CPAlWi.{n%DX
624,Laura Fitzgerald,claytonpruitt@example.org,Sales,45716,2021-07-12,yn^f&A:}*nN&
625,Robin Price,mreid@example.net,Sales,47092,2022-09-16,!njHr#}:&c|n
626,Natalie Wiggins,lmiles@example.net,Engineering,115532,2022-09-17,"Kgp~3-dSJG~"""
627,Sarah Norman,veronica58@example.net,Sales,59180,2022-09-29,p82u7Wysgvqe
628,Amy Schmidt,greenemichael@example.net,Engineering,109419,2023-05-03,"#zCo,GKtrbf$"
629,Mr. Michael Underwood MD,tylerfrank@example.org,Engineering,98267,2022-12-13,Vh6&i3ngQnSu
630,Michael Graham,davidmike@example.net,Finance,60784,2021-01-02,;j<iA6xZ'eJP
631,Carol Stewart,pamelapotts@example.org,Finance,110199,2021-01-03,1pfWpmQ-4*Y]
632,Michael Edwards,blanchardchristopher@example.com,Operations,74156,2020-06-16,ecdYL/-_+<M3
633,Megan Fischer,laura24@example.net,HR,52614,2025-01-18,M[d88FqgmMF8
634,Nicholas Johnson,wrodriguez@example.org,Sales,79347,2023-02-28,<.ho-f6N$;%W
635,Maria Brown,joseph19@example.net,Finance,97460,2020-09-13,+?j}JPu0+MPO
636,Lauren Garrett,edwardprince@example.org,HR,54371,2024-06-08,dY;sBztxE4fz
637,Joseph Pearson,mccannaaron@example.net,Finance,81329,2023-04-27,|ZeTP'DlvRAt
638,Latasha Hammond,kristen62@example.com,Operations,68651,2022-09-26,cSv<7K'J\${o
639,Matthew Nelson,danderson@example.net,Marketing,66477,2025-01-29,o6DTgmr`rUq7
640,Leah Fowler,wparks@example.com,Engineering,136945,2021-01-18,-]Gxdi3c*ug<
641,Colleen Armstrong,bauerderek@example.org,Marketing,94921,2024-03-21,M)GQ[J+6-&R4
642,Joseph Evans,willisjohn@example.net,Engineering,77504,2021-02-02,apa{zOQ$QGpJ
643,Jenny Lewis,millerandre@example.com,Finance,80850,2025-02-28,"O;EXt0\w%_g"""
644,Tammy Marshall MD,hoganlarry@example.net,Operations,63162,2023-04-19,!PTB'^N0TnE0
645,Timothy Cox,victorhartman@example.com,Operations,75944,2023-10-22,'r?9O+7W)PEM
646,James Vargas,areese@example.org,HR,77950,2025-02-03,"KETg$,qQOT3/"
647,Anthony Ryan,obrienalec@example.org,Finance,83841,2021-10-06,"ETAIkvG""]Z4Y"
648,Michelle Wilson,daniel51@example.com,HR,43373,2023-10-11,PzApaD1.4x$~
649,Amanda Lopez,herreraalexandra@example.org,Engineering,63773,2023-09-04,7c$ke~\3y6x^
650,Brooke Conway,steve73@example.net,Marketing,55348,2021-11-21,E7|1:^6lzo:|
651,Melanie Cooper,belinda04@example.org,Finance,83682,2022-05-30,}FC`BpuQo_:8
652,Jason Duke,millerjesse@example.net,Operations,82358,2023-05-11,xUF'c3Wz@Shw
653,Caroline Henderson,bjacobs@example.com,Finance,84988,2022-07-12,ZNVjxheXDO`}
654,Roy Dickson,rayjennifer@example.net,Engineering,77572,2024-05-25,"JD6eF%=D,/Pk"
655,Michelle Camacho,jennifer61@example.org,Sales,75420,2024-12-02,"-""$[Ty7]TfV#"
656,Julie Callahan,juan33@example.com,HR,55446,2021-06-20,ni6NT9Z/u%*9
657,Andrew Robinson,thomas40@example.net,Engineering,85714,2021-07-23,"}y;juek""|tvZ"
658,Kevin Baker,stacy29@example.org,Operations,59762,2020-04-06,"k&FW6oWL=""+c"
659,Elizabeth Thomas,andrew46@example.net,Finance,56874,2023-10-05,&h&(~2?H4A/7
660,Matthew Boyd,sarah94@example.org,Marketing,72673,2024-01-24,M?Lq^w9j6&E<
661,Andrea Moore,laneluis@example.net,Marketing,62679,2024-09-30,",$7pMj,Ljx2:"
662,Sarah Spears,areed@example.net,Sales,69487,2021-05-05,:AtU.HK4E3Iz
663,Joshua Lee,eorr@example.net,HR,67943,2023-08-11,]k8<cpAnk^HS
664,Aimee Murray,brittanyrodriguez@example.net,Sales,79989,2021-10-28,",.-+FclE2T$2"
665,Jeffery Delgado,anna02@example.com,Operations,67711,2021-03-09,z$jVOS]-_}~2
666,Kelly Hoffman,jessicaevans@example.net,Operations,92499,2021-02-28,$dH3fCA{0(uH
667,Tina Hurley,jason48@example.org,HR,50248,2021-10-07,19L?f%pKoM#W
668,Joshua Baker,allisonmiller@example.org,Engineering,149228,2023-04-21,%vtXcQioUw7F
669,Linda Miller,michelle99@example.net,Finance,73723,2025-01-28,&kXg4_`&~8&V
670,Jennifer Walsh,katiebrown@example.org,Engineering,108832,2023-02-25,(7ptw5^|ysWZ
671,Kathleen Smith,estradakenneth@example.org,Finance,71087,2022-04-11,h[S4{6ri!Y_G
672,Bradley Walton,beancatherine@example.org,Operations,70191,2024-09-16,`$#}rVVQ9b+f
673,Justin Williams,ericcastillo@example.com,HR,50075,2024-04-07,"nL=ujzUcf!f,"
674,David Schneider,williamsangela@example.com,Marketing,71945,2024-04-29,"""1TITQ-+D?\g"
675,Leah Lamb,tayloramanda@example.org,Finance,71966,2023-05-28,sY0R7#TYcFtm
676,Stephen Rodriguez,martinezdenise@example.org,Marketing,75701,2023-02-24,"""ZG,h0od)>rf"
677,Justin Nelson,amanda21@example.com,Finance,78834,2022-08-03,XmU+@sU'a)}}
678,Michael Pratt,christopherwallace@example.com,Engineering,113953,2020-10-02,5V&Jvi]mRlhu
679,Erin Williams,kimberlyryan@example.com,Engineering,64529,2024-06-05,h!q.m6`gu-MI
680,Shawn Stone,youngjames@example.org,Engineering,75414,2020-08-01,"31=k!(:g/mW"""
681,Daniel Brock,joelsanders@example.org,HR,50259,2024-09-07,"85KKb""/ZJ+C$"
682,John Bell,thomasjoshua@example.com,Operations,64084,2023-03-18,An]]*m(za>'F
683,John Cochran,hannah08@example.com,Marketing,78703,2022-11-26,H^%$Y<&aA}>N
684,David Reyes,thomasheather@example.org,Sales,81330,2023-10-07,r]I.3WFD{iwR
685,Megan Oliver,christopheradams@example.org,Engineering,68411,2024-10-17,WW:/`(4Nf~9D
686,Cynthia Johnson,brittanysmith@example.com,Sales,72744,2022-12-10,"_2IB""'<hB~>s"
687,Jennifer Huang,sandra50@example.com,Sales,84519,2022-03-05,"=9_:.50p,N6{"
688,Lisa Fowler,xashley@example.org,Marketing,71169,2020-07-05,}O33Z9QhR||)
689,Andrea Wilson,ykhan@example.net,Engineering,124930,2021-11-27,{iob<!}CpSfg
690,Maria Kelly,jacob26@example.com,Engineering,126986,2020-08-10,";2,-e%EZz58&"
691,Christopher Anderson,xshannon@example.net,Sales,88370,2024-10-28,pj2o@aXjwSMi
692,Tracy Thomas,samantha46@example.net,Operations,81783,2021-05-05,LYlJy3dz67zQ
693,Tiffany Thompson,mannpatrick@example.net,Engineering,81244,2021-01-08,DpSZ1kR2A[af
694,Crystal Young,smitchell@example.com,Finance,101882,2020-03-28,"{C[d\,|_o'\r"
695,Patricia Mendoza,angela43@example.com,Marketing,96489,2021-05-08,Uwvv3_>7P`OM
696,Andrew Dixon,mharris@example.org,Sales,61148,2021-05-18,")(,D7sK-H,2f"
697,Oscar Bowman,randallmaria@example.org,Finance,117372,2021-12-12,?.\Q}q*;s%U#
698,Colleen Pham,obrown@example.com,HR,43790,2024-01-07,gP]o#)m!v{NK
699,Andrea Baker,angelajohnson@example.com,Finance,98674,2023-01-14,nnF{Lcaka#A>
700,David Mills,jlane@example.org,Operations,94713,2020-07-02,-&T+BW9a-6a@
701,Lori Chandler,brandon67@example.net,Operations,87955,2023-04-03,c^\y[eJCJ/PX
702,Alexis Young,barbarasharp@example.org,HR,68690,2023-10-04,^^>R8Nbn[HSS
703,Stephanie Flores,joseph66@example.com,Finance,84397,2020-07-20,Q7H\Eo%|^iBG
704,Lindsey Preston,abutler@example.com,Operations,89638,2024-10-27,}?foN[tH2o_v
705,Alicia King,nelsontyler@example.org,Sales,50815,2023-05-14,aD;B./B|qIST
706,Janice Brown,jpage@example.com,Sales,64237,2021-12-21,a!E6u5odz!;[
707,Joseph Knapp,hgreen@example.com,Sales,56261,2021-10-28,C00KsMfYh*8X
708,Katherine Gonzales,carlayoder@example.net,Finance,56931,2024-03-29,auOdD(VY6@+z
709,Kelly Chung,robert15@example.com,HR,48183,2021-11-16,K>&23{re>oW3
710,Henry Mason,mwilliams@example.org,Engineering,86103,2024-10-28,"|3kg,sVi*3&H"
711,Brandon Hill,nancy11@example.org,Finance,94072,2022-07-05,"yniM,#Ln`v1'"
712,James Vargas,dawnruiz@example.net,Sales,87709,2021-06-12,N[]y%ZaI5?iS
713,Jessica Williams,danny53@example.net,Operations,62721,2024-08-15,RnYgIG`a]9yn
714,Dr. Tammy Morris,sean65@example.com,Operations,52426,2023-03-12,9o5Zy!:|#*UJ
715,Olivia Evans,ypadilla@example.org,Operations,88927,2023-02-03,%L-s\+e~E/55
716,Larry Johnson,hawkinsjoshua@example.net,HR,50765,2022-10-05,l@nGlL0~_W3m
717,Susan Brown,jasonwalker@example.com,Marketing,68216,2024-05-04,^\#K|\[SJzh>
718,Dean Williams,rebekahholmes@example.org,Sales,77466,2022-07-25,f#{1Z<v];$]A
719,Clarence Thomas,mbrooks@example.org,Sales,73267,2022-10-28,\m5;&!88f0lk
720,Katherine Arnold,shawnalopez@example.org,Finance,62472,2024-08-29,Xn~h!@>%mTst
721,Phillip Rodriguez,pratttammy@example.org,Marketing,82575,2022-06-22,",8g9.fwe[F0="
722,Penny Gonzalez,brandy35@example.net,Operations,94451,2020-10-30,"f""|;-k$d[st9"
723,Craig Mcconnell,brianpineda@example.com,Marketing,63438,2022-12-03,"~Lf7,<13'PZ?"
724,Derek Mcneil,anthonymiller@example.org,HR,51048,2023-05-04,":~,E_;+pIzD8"
725,April Oliver,amyjacobson@example.net,HR,49639,2024-05-01,GJcJMD9S?/V:
726,Tammy Noble,waltersjames@example.net,Operations,58409,2022-10-19,",B6/D,3#b|-`"
727,Stanley Mayer,gonzalezjulie@example.net,Marketing,55659,2022-11-23,'RE?5Q\=g]4e
728,Kathleen Haney,zachary44@example.com,Engineering,68803,2024-09-16,?IvoQWb|Rn\6
729,Tonya Barnes,tiffanyroberson@example.org,Sales,69931,2020-09-19,[fScF{}ij4Ik
730,Jacob Nash,judith57@example.net,Engineering,79085,2023-01-20,\Pw$>q$zb$q>
731,Casey Rogers,jason21@example.com,Sales,87307,2023-12-12,\S)eS:3SP:^?
732,Angela Nixon,wbaird@example.org,HR,47754,2022-02-13,[xKt^CrdZsbK
733,Barry Valdez,sheltongregory@example.org,Operations,73862,2022-07-17,TH(.L5j6~CF+
734,Tracy Daniel,uparker@example.org,Marketing,75187,2024-12-18,5xPR{@Okw92/
735,Jessica Kemp,baileyrandy@example.net,Sales,51578,2022-02-28,.JEo]-+(AgD#
736,Brenda Christian,millerjohn@example.net,Operations,85471,2023-09-22,.8l9p^zWVv#a
737,Todd Dudley,andrew22@example.net,Sales,60017,2023-10-13,"rq""ev4uu33""4"
738,Veronica Bell,martinezjustin@example.net,Marketing,78510,2024-12-31,_vlKLDF#MgNz
739,Cynthia Sullivan,hollandpaul@example.net,Engineering,106871,2022-06-11,1c5{F.%*)&5v
740,Kari Donaldson MD,erneststewart@example.com,HR,66854,2020-12-02,"""%kPh\C1EM;e"
741,Joseph Jimenez,glyons@example.org,Engineering,137912,2021-06-10,"u""RezfTWrt]>"
742,Desiree Brown,johnsonrodney@example.net,Engineering,63164,2024-09-15,H?nEH=<B}[?0
743,Jason Case,oaguilar@example.org,HR,55872,2020-12-14,[ZZ+4]xb`^=7
744,Gregory Sharp,philipneal@example.org,Engineering,75801,2022-07-13,"_F,8O9+5U*k6"
745,Lisa Stephens,ddavis@example.com,Operations,55609,2021-01-04,x~1LQ._pe+53
746,Robert Whitehead,melindalee@example.com,Engineering,60896,2025-01-13,sj*oZ\Byb1.n
747,John Moore,collinstamara@example.net,Engineering,77504,2022-08-24,]Yidt(!\Js(5
748,John Diaz,rluna@example.net,HR,74131,2020-05-20,?<xhS&{(f)4P
749,Kathy Hess,christophersanchez@example.com,Operations,61773,2022-05-23,"}#}B6K""B*z*J"
750,Ashley Washington,theodorekrause@example.net,Operations,90196,2021-12-25,0qr8#AqX^R.b
751,Jennifer Wilson,mark63@example.net,Operations,65117,2024-08-03,kdzRIEJm_@ug
752,Jeffrey Ward,pamela74@example.org,HR,42398,2021-12-13,sk{^YLF8=D!]
753,Angie Webster,andrea37@example.org,Marketing,91091,2022-05-21,N@x}0A'@iZpB
754,Benjamin Lowery,boltondanielle@example.org,Operations,77491,2022-10-05,W~2q$(?H~(Y3
755,Alexander Lane,jessicabautista@example.org,Engineering,128196,2021-07-03,(b!5z?j3_}t3
756,Lisa Andrade,albertchandler@example.net,HR,50501,2021-07-02,"(O]HdJ9C-&,!"
757,Tyler Sandoval,john31@example.com,Finance,58503,2024-05-04,"p""ew(ng2E|r%"
758,Julia Collins,fbrown@example.org,Engineering,148079,2020-08-30,OUVd:*=4dKN_
759,Daniel Lynn,patrick73@example.net,Marketing,87643,2022-07-31,@<dp@#tiyG6|
760,Karen Beasley,jameswaller@example.com,HR,61904,2022-12-18,".H,=gl2IbhA`"
761,Vanessa Nelson,joseyoung@example.net,HR,53023,2024-04-06,@oZ^'(*!r^=a
762,Kimberly Adams,weisskristen@example.com,Marketing,94166,2021-01-02,a}fp*#eqhFz1
763,Patrick Hernandez,meganramirez@example.net,Operations,84409,2020-07-25,{`[l4\VG8t-X
764,Todd Salazar,stewarttimothy@example.com,Engineering,123933,2022-03-09,"$u=}Qbaq~D{"""
765,John Howard,timothy36@example.net,Finance,59848,2021-07-27,:>SBbzL/>G>]
766,Joseph Cunningham,pamelarobles@example.com,HR,45741,2020-03-18,CcrWtE%FiD;u
767,William Fields,gillespiebenjamin@example.net,Marketing,58872,2023-12-11,|&52dMW*cmd;
768,Rachel Ray,steve50@example.org,Marketing,79590,2023-08-31,p3G[a=\t~pOI
769,Joan Obrien,sodonnell@example.com,Marketing,71451,2023-04-09,"Y,;gfwg|OIdw"
770,Tanya Kelly,longjonathan@example.org,HR,61220,2021-08-02,]U*z=4<x6bBu
771,Katherine Roberts,debrarobinson@example.com,Engineering,125116,2024-10-08,7)0/4vAL0yD*
772,David Jackson,ianthompson@example.org,Marketing,66205,2024-10-11,"mb,Yql*<(BZ%"
773,Dustin Arnold,frankjones@example.com,Engineering,79689,2020-06-16,>k\GU1K<rjy#
774,Marie Gonzales,barneswilliam@example.com,Engineering,90629,2024-04-17,]i[y8^_?RT@]
775,Matthew Myers,sarah10@example.org,Marketing,57004,2021-01-18,G;[OJllWDE;%
776,John Morrison,vowens@example.org,Operations,67710,2024-12-26,U!RX)l9D=KXz
777,Jason Barnett,ismith@example.net,Finance,67598,2023-11-12,@f[ki(&/b_A=
778,Amanda Velasquez,kristen23@example.com,Finance,75832,2024-06-16,E|+.9$r5Gcl~
779,Donald Cruz,uhuang@example.com,Engineering,65732,2022-09-03,T//F_.*fA0-j
780,Vickie Johnson MD,cynthialee@example.com,Operations,65149,2020-11-22,7TTd{{BfRQwe
781,Kevin Bishop,ishaw@example.net,Finance,68882,2024-06-25,Z1EV#IST+zP:
782,Dylan Mann,donald45@example.net,Finance,88252,2022-05-25,zE7$'<D{w!%~
783,Caleb Little,rowepeter@example.net,Operations,63594,2023-12-24,qh]1O*E>E$JK
784,Mrs. Vanessa Villegas DDS,longpamela@example.net,Finance,117825,2020-08-08,;3O36pa!b_6*
785,James Dominguez,robinsoncrystal@example.org,Engineering,149262,2020-08-09,<9rI4`ow'{9t
786,James Gregory,wrightmelissa@example.net,HR,43742,2021-08-29,6`0Htbb(16~C
787,Julia Edwards,tthomas@example.org,Marketing,82822,2021-01-08,YC=xZk1RB)Z&
788,Melissa Williams,oprice@example.net,Operations,54365,2024-04-02,G\Eta@F01+vn
789,David Garcia,steven51@example.net,Finance,81826,2022-09-03,"[,/@j02wAP|="
790,Penny Bailey,morrowalbert@example.com,Engineering,127900,2022-10-29,pYEhe0&p0Sv-
791,Kristi Vega,shawn05@example.org,HR,65829,2021-03-23,H%{3GCKK;YTc
792,Brian Mayer,collinscourtney@example.org,Engineering,112590,2021-05-07,.reUdpM_syU-
793,Zachary Murphy,rlee@example.org,Sales,81429,2020-04-02,M*v9&W^x;Vc!
794,Cole Hicks,shane49@example.com,Engineering,86227,2023-07-02,"}9@c,84}v+~x"
795,Daniel Anderson,lauratravis@example.org,Operations,92895,2024-09-26,J/T3pJtYF[Wj
796,Anna Taylor,paullowery@example.com,Finance,71277,2023-10-28,LyJePoQy;u:b
797,Edward Peters,annawhitehead@example.net,Finance,65644,2022-01-26,WE628&(#3+}3
798,Susan Hill,wsmith@example.com,Operations,72366,2022-04-21,@ob2x<E35?NZ
799,Sonya Thompson,ewatson@example.net,Operations,61713,2025-02-22,{\*i27Ixe6K<
800,Kenneth Rogers MD,rogersrandy@example.com,Sales,81232,2022-03-05,"$wM,9r}<{/yh"
801,Lauren Ritter,victoria86@example.net,Marketing,97844,2022-11-29,"gX0Ibd""`3(nI"
802,Tiffany Cherry,michael95@example.net,Sales,69725,2023-06-01,>oVT;6l:X_iI
803,Debbie Nguyen,wkidd@example.com,Marketing,58465,2021-03-06,-:syDg:G2)a9
804,Shawn Lee,caseymartin@example.org,Finance,114998,2024-01-15,Aa?{KC\G)--`
805,Nicole Tran,samantha51@example.org,HR,49947,2023-01-02,"2L,c7@x7Q<oG"
806,Jenna Jones,susan64@example.com,Finance,109684,2020-05-07,(o/kS3#mb`Aw
807,Catherine Clark,steven42@example.com,Sales,69688,2020-08-08,RDt#C`c'|SKz
808,Gerald Wang,kimberlygray@example.net,Sales,49071,2025-01-24,:`BLF@'VUd'>
809,Nicole Hart,kschultz@example.com,Finance,63191,2022-03-17,)|8B1T`0L]Y+
810,Dr. Brian Kim,walkerryan@example.com,Engineering,139014,2023-07-21,T7n8K5RUk41p
811,Robert Gray,fstevens@example.com,Engineering,67059,2023-03-30,/k~y:jnZ;jae
812,Angela Snow,lisa61@example.net,Sales,65561,2022-11-14,*$;.9oF3.@U9
813,Ryan Rocha,juliecollins@example.net,Engineering,81204,2021-11-20,"v6""EU`F>%+MI"
814,Tiffany Vargas,anthonybrown@example.org,Sales,55074,2024-04-18,"[pG*,/m|>QBA"
815,Molly Wilson,erichardson@example.net,Engineering,138097,2024-11-14,\SpP/#PEcPo'
816,Kelly Weeks,collinslisa@example.net,HR,71229,2022-11-25,D^IO>!}dcE9<
817,Dawn Leach,ann65@example.org,HR,54390,2022-10-18,]jN2cwS!tQ#I
818,Jake Wilson,barnettphillip@example.org,Finance,80544,2024-09-02,"e?"".h.ztNMU'"
819,Carla Everett,allennatalie@example.net,Marketing,90671,2023-01-13,"V^P0t'12pD,7"
820,Martin Gibson,emontgomery@example.net,Finance,71105,2021-11-23,l1_nvV<b9IU7
821,David Mcguire,zlyons@example.net,HR,53277,2021-11-11,cc*ba5?{ODzV
822,Marcus Brown,pamela46@example.com,Engineering,144803,2024-11-16,RQNxHQI*pl{W
823,David Leach,brianwatkins@example.org,Operations,75063,2022-09-04,"s}Fe,q""y*mEH"
824,Wendy Ramos,zacharywalsh@example.net,Marketing,58667,2022-05-26,|eeVP7W&Dn#%
825,Mary Merritt,yholmes@example.net,HR,71161,2021-09-25,{0v9X4rT];nX
826,Vincent Ryan,allisonlong@example.net,Marketing,61550,2022-04-17,'q?A4I/$uR<y
827,Mark Patrick,ryan51@example.com,HR,53330,2024-08-03,w8uZcK5!M#x$
828,Isaiah Duran,jlynch@example.com,Sales,80100,2023-09-21,"w!eH5*{,4a$;"
829,Isabella Ward,staciewillis@example.com,Sales,53387,2021-06-06,=^@<~yu@cG-$
830,Henry Robinson,courtneymartin@example.net,Operations,68610,2023-09-15,NInBD'TgCoY+
831,Ashley Fowler,mckeerebecca@example.com,Marketing,97482,2021-01-22,JGO_wI:|)2F5
832,Jason Allen,david04@example.com,Sales,64968,2023-02-21,Bkb3PW\K[j{t
833,Amy Wilson,melody00@example.net,Marketing,52049,2022-12-21,"<j+ztm0UvLu"""
834,Terry Richardson,natasha32@example.org,Marketing,59260,2023-09-24,"qaJT""VR+2pq-"
835,Derek Ballard,ewebster@example.com,Sales,85330,2023-01-21,u^dxwz=iBnM<
836,Joseph Roberts,robinalvarez@example.com,Marketing,58719,2023-11-02,)<AY.y5.'%*d
837,Greg Davis,jenniferwilliams@example.com,HR,50520,2024-05-07,EWwY#a~lr_[6
838,Katrina Peterson,walter23@example.org,Sales,53508,2024-10-25,g(QpH`H60V?Y
839,Bethany Small,smithjennifer@example.com,Operations,91261,2025-01-13,'!/t)Qp3~v18
840,John Flores,maryhughes@example.com,Engineering,97096,2023-05-30,P|-d%=NZ/VJ:
841,Dawn White,johnsonteresa@example.org,HR,63295,2021-01-12,RznYc&B%jPeo
842,Deanna Johnson,santhony@example.net,Engineering,142502,2025-01-23,"XKdt;nhm1/],"
843,Jo Lindsey,nroberts@example.com,Operations,78424,2021-01-28,WrEW/SuMxV=s
844,Stephen Sparks,jstewart@example.org,Finance,63756,2021-04-13,U#S({[LWqxMO
845,Matthew Williams,rreilly@example.com,Operations,51296,2020-08-31,"VV12snE(m>l"""
846,Tammy Walker,dwest@example.net,Finance,84652,2025-01-04,f9V_CzIGFqZz
847,Amanda Guzman,moranrita@example.net,Sales,46961,2023-07-22,wmJYe94FNsY2
848,Michael Ruiz,gboyd@example.org,Marketing,56755,2020-05-02,Y]:8}&Fi_-I.
849,Seth Garza,oevans@example.net,Sales,85975,2025-02-23,h11U(~7W=_:z
850,Pamela Duran,susanross@example.com,Operations,86544,2024-03-06,;bW/H>1Z;`\O
851,Ronald Smith,ttorres@example.org,Engineering,72836,2022-05-17,j6^(ezZB^*iK
852,Russell Morales,jbishop@example.com,HR,65975,2021-08-09,TZC$h>:0B#iF
853,Laura Martin,brianrobinson@example.net,Engineering,146434,2022-12-27,[Mp;ba=j_8L&
854,Sheila Jones,wrightvirginia@example.com,HR,72281,2023-06-03,w'Kq.dhcMw.y
855,Amy Wagner,daniel46@example.com,Marketing,94881,2021-08-01,rgmp;u$?gdvf
856,Michele Martin,dunncameron@example.org,Engineering,127747,2020-03-30,"G?Be%"".j""5az"
857,Sarah Jackson,jessica46@example.com,Engineering,75143,2020-06-01,?PM$v[/B_9yw
858,Vicki Andersen,laceymiller@example.org,Operations,65778,2024-02-27,005|.@bl8Afg
859,Denise Middleton,shepherdkathryn@example.com,Operations,65367,2020-11-16,8o3~'Kpxl[%+
860,Austin Pittman DDS,renee51@example.net,Marketing,99899,2023-01-21,o1;1.hB^/{<^
861,Kevin Martin,brendagood@example.com,Finance,59985,2022-02-07,ikO9v8R8+oP$
862,Meagan Conley,qbartlett@example.net,Operations,90930,2024-01-02,jo_i8jOaZlEm
863,Joseph Avila,brittneyramirez@example.com,Operations,89966,2024-04-17,].W(Z_.ECEIo
864,Brandy Fernandez,simmonschristopher@example.com,Marketing,98121,2021-09-29,+\@!<U{?g4p0
865,Michael Hoffman,juliecarter@example.com,HR,64240,2022-05-11,VSpg@SmW}HsI
866,Kara Turner,olivercaroline@example.net,Operations,70875,2023-12-30,I-1lHjPEM[0r
867,Misty Spencer,michelle72@example.net,Marketing,64846,2020-05-08,">Wn""0[G*oxq("
868,Lucas Johnson,paul48@example.com,Finance,114384,2022-05-31,cVO_60[=q6aJ
869,Carmen Curry,qgonzalez@example.net,HR,45915,2022-09-07,kZ&~emTQ:y!F
870,Robert Arnold,kimchristopher@example.com,Engineering,72891,2020-07-21,^oRN7Xn4C?j|
871,Mr. Miguel Moreno DVM,cindyburgess@example.com,HR,65640,2020-05-11,xtXtov|(O~8r
872,Christine Hughes,williamskeith@example.org,Sales,59025,2022-03-06,`|?)Z674/chB
873,Kimberly Barry,arthur26@example.org,Finance,107077,2024-07-14,f}u)LfX:XVXi
874,Brian Lopez,gcarpenter@example.net,Engineering,75172,2022-11-03,d95)#>IHte|_
875,Hunter Walters,lesliegonzales@example.net,Engineering,100421,2020-09-23,"j,1L~vnIlOV="
876,John Reyes,brianbenson@example.net,Sales,55141,2020-08-09,?pl6TXD$0w]2
877,Melvin Fisher,wilsoneddie@example.net,Sales,82652,2020-08-17,<#(YL?BL8(S_
878,Laura Hunt,jorge03@example.org,Operations,79996,2023-05-01,)o5r8kpbpC7@
879,Mrs. Courtney Taylor,csmith@example.com,Marketing,51699,2022-02-01,"Ew""54RYu(dDL"
880,Laura Marsh,robertkim@example.com,HR,75794,2024-04-26,Wxd*?K0_:{Id
881,Veronica Castro,browntracy@example.net,HR,67462,2024-01-12,p()H5(.!P\W`
882,Maxwell Gonzalez,stephenpalmer@example.org,Engineering,117149,2020-04-09,6+~U0_4\Aks-
883,Joel Hall,dhawkins@example.com,Operations,64045,2024-08-21,x;jiER#-k?.{
884,George Morales,christophercook@example.com,Marketing,84554,2022-09-04,j1aS7;@6zkMM
885,Sergio Myers,hhernandez@example.net,HR,44920,2022-07-04,pD%*JwqPqDpM
886,David Williams,ulee@example.org,Finance,56375,2022-04-20,"c+f=5|r!J2g,"
887,Andrea Simon,jeffrey12@example.org,HR,76203,2020-10-30,I<7G'bw^9=%f
888,Brandon Henderson,rodney88@example.net,Sales,85341,2021-05-29,&fmn5n/A|)iL
889,Chelsea Pennington,danielconley@example.com,Engineering,132638,2021-10-22,=Ln8UPI2W!I_
890,Gregory Foster,thompsonmark@example.org,Finance,103536,2023-08-20,8dm8|&;0uN-G
891,Cathy Harris,teresa91@example.com,Marketing,81777,2023-11-19,5zl\+|Emr8-z
892,Kristen Floyd,cbrown@example.net,HR,57104,2020-12-31,SR+zVKSv!:`:
893,Micheal Morgan,williamscody@example.net,Operations,77968,2022-06-27,L>%CG8lkCo4K
894,Karen Harvey,cynthia19@example.net,Engineering,116983,2021-05-19,LLiGo'O2o3@m
895,William Roberts,kimberly32@example.org,Marketing,66476,2021-09-12,I+b~b`c5xI]I
896,Kimberly Richardson,paige53@example.net,HR,72581,2020-06-04,GP]Z_z}aeavg
897,Lauren Scott,stephaniekirk@example.com,Marketing,94842,2023-05-23,fkMs`L(bw*S5
898,Michael Bright,smithjared@example.com,Operations,51581,2024-08-04,|f+6G$jACK*q
899,Rebekah Pearson,michael64@example.org,Finance,64703,2023-06-22,"5.TqKO$""y8Wk"
900,Adam Lee,williamday@example.org,Finance,66428,2023-12-21,nO$>@[HCJl1}
901,Nicholas Barnes,jacob99@example.net,HR,55345,2023-08-22,4N5PQN94[k]u
902,Samantha Jackson,lhall@example.com,Sales,61369,2021-08-10,K/2%:s^8;i{<
903,James Vance,tina99@example.org,HR,71526,2021-01-15,ve=8[zwlQxbR
904,Megan Fleming,jodipacheco@example.com,Sales,67784,2020-04-11,IiOH51QF`H[#
905,Henry Mcdonald,ywalker@example.net,Sales,82174,2021-09-04,&3#$#Dr&7R>h
906,Ana Wilson,kayla64@example.net,HR,76828,2021-03-16,"d&qOxGUV7nG,"
907,Julian Jones,angel09@example.org,HR,65279,2021-06-19,"V\,4`3DjLXnn"
908,Michelle Miller,zgill@example.org,Sales,77685,2021-07-01,7T.EHN7}~~9h
909,Tara Howell,vernonanderson@example.org,Engineering,73934,2021-06-25,y]F{pTV9aP>X
910,Brian Lopez,robinsonjose@example.net,Sales,87754,2021-03-28,G!QdiC*8EIMs
911,Dawn Wang,shanewalker@example.org,HR,65651,2023-02-01,x'qU-:p%ObIy
912,Dr. Rodney Harrell MD,tphillips@example.org,Finance,84782,2020-04-10,cZbNf{TL->y(
913,Chad Barnes,gonzalezjesse@example.net,Sales,45163,2022-06-19,$hZ)AnoM0^=U
914,John Flowers,huynhchristina@example.com,Sales,86815,2022-03-01,5Za[b|j+;_<.
915,Nicole Brown,michael48@example.com,HR,66595,2025-02-23,fPb2N\W&I_'p
916,Peter Wyatt,carlaherrera@example.org,Operations,77873,2021-01-26,cuY3p}4tP\V(
917,Diana West,wgarza@example.org,HR,62012,2024-03-17,"l+]`taYbHl*"""
918,Anthony Blair,tyork@example.org,HR,67745,2024-05-07,g]#vXQwypZ[z
919,Dr. Debra Mejia,zrichardson@example.org,HR,64808,2024-10-17,M!g#L~MSM3Se
920,Justin Simpson,ajones@example.com,Finance,60020,2022-02-21,"UD0t2""$6GITv"
921,Sarah Vargas,dmartinez@example.com,Engineering,125649,2024-07-03,"Sx=T97""J<\va"
922,Robert Richards,scastaneda@example.com,Operations,80382,2021-02-08,hMr~=~``/Esj
923,Heather Mcclure,jeffreycarter@example.net,Engineering,90954,2023-09-04,6s#adZw}hl5t
924,Shawn Braun,freemananthony@example.net,Marketing,74210,2021-04-27,XF<o:Po*}=f>
925,Robin Snyder,samanthabarton@example.net,Sales,84006,2020-10-11,<|]#aE7;Wbm|
926,Heather Lloyd,kyle38@example.com,HR,42517,2021-10-11,nW@qwK?jzOtH
927,Ricardo Mccormick,ericapierce@example.com,Finance,88915,2020-11-11,0'!&':rD-9~g
928,Claudia Adkins,inavarro@example.org,Sales,73875,2020-12-15,xI%J;jK3#+q*
929,Spencer Nguyen,zolson@example.net,Finance,107998,2020-08-18,B~8kX*VhC}9;
930,Jeff Horton,hahnerik@example.com,Sales,89778,2020-09-19,"q\'Gi=Eb67^"""
931,Sandra Davis,williamsstephanie@example.org,Engineering,144558,2024-11-21,W~ElQ!}Km_P#
932,Peter Rogers,james89@example.org,Finance,118921,2024-08-08,N`Ms\lf=L_Ad
933,Amy Miller,lisarivera@example.net,Engineering,82956,2024-02-02,m?#\zDq[e]<*
934,Matthew Jensen Jr.,zdean@example.net,HR,78580,2024-08-08,"]Z&'_?DjW""H="
935,Mary Hall,matthew65@example.net,Operations,72352,2020-12-23,]?P^y>!)JWdQ
936,Alexander May,brownjessica@example.com,Marketing,86363,2023-07-15,Y7@*`rRPp^ff
937,Mrs. Lisa Paul,gentrykyle@example.net,Sales,71114,2024-03-19,"""RA#D4agi^eq"
938,Scott Baker,curtistheresa@example.org,Engineering,128195,2021-04-13,/R.Qi\-x\Q'y
939,Sharon White,brownjason@example.org,Engineering,84794,2024-10-10,0&y=mFd1N7-x
940,Jacqueline Oneal,kellyclark@example.net,HR,50404,2022-03-16,"Y""H$X.O-.\3m"
941,Aimee Willis,jessicasutton@example.org,Sales,73199,2021-06-30,OTl5Q~+)Gl#/
942,Sheila Carter,rachelrose@example.com,HR,44778,2021-01-04,"7<EB>WW}9z,q"
943,Christina Choi,websterdana@example.org,Sales,66287,2025-02-04,Rm!V$ROCs4cL
944,Mr. Mark Villanueva MD,xdixon@example.net,Operations,80538,2021-09-27,rGf`rH_R}dzn
945,Miguel Singleton,lee09@example.org,Marketing,73744,2025-02-26,a9It|\u@Tq5.
946,Scott Kennedy,tcarrillo@example.com,HR,40847,2024-07-31,)ezcyTK:=CCO
947,Elizabeth Russell,henryjennifer@example.com,Sales,85634,2024-04-06,"L`,V)Dlz~Tbh"
948,Jessica Hart,johnstonjack@example.net,Marketing,96462,2024-01-02,hz.6D{Q\d#u)
949,Mark Meyer,wvargas@example.com,Operations,88164,2022-01-16,lA\]MCD}M`.+
950,Daniel Scott,gregorythornton@example.net,HR,56731,2021-12-30,+i*Ofjw5E@w%
951,Kevin Smith DDS,lolsen@example.net,Marketing,64942,2022-01-31,_w[S4LZl>t$s
952,Jessica Wiggins,virginia79@example.com,Sales,46550,2020-10-26,NY}_fiz#{v3A
953,Kristopher Osborne,cjackson@example.net,HR,76653,2024-06-21,24Q<99uJt43t
954,Joshua Gibbs,ujohnson@example.com,Finance,93727,2023-04-12,g)~YYln>oM9?
955,Lisa Coleman,ufletcher@example.org,Engineering,148292,2024-09-22,9c2[L7Ai5?Wc
956,Frederick Lewis,felicia00@example.com,Sales,75352,2021-09-02,7y]IZ6lHZy9m
957,Isaiah Gonzalez,krista15@example.org,Marketing,99201,2024-06-09,HWTi/TZ*|Q=V
958,Joel Bradley,schultzamanda@example.com,Finance,101175,2023-10-13,1!tN\BKZula>
959,Michael Kennedy,leonard60@example.org,HR,67411,2021-09-22,gW@mWGWr*CNh
960,Sandra Higgins,travispearson@example.com,Finance,66642,2023-07-03,"lpxJM~e,itO6"
961,Andrew Miller,loganperez@example.net,Engineering,88506,2021-01-12,;h$7&$`LT+qd
962,Cheryl Palmer,barrynichols@example.net,Sales,87944,2025-02-20,xm_78N7jJ?U=
963,Kyle Herman,mccarthymark@example.com,Marketing,94465,2024-05-18,`Ty5zd6xdV}m
964,Todd Ramirez,ejoyce@example.net,Finance,114712,2024-10-23,"IC,Q6O.4g0A]"
965,Kirk Johnson,krausemarco@example.org,Marketing,84443,2023-08-05,"[JQn8U""_i`/B"
966,Susan Payne,toddadams@example.org,HR,56489,2024-07-10,C%=*ak%w!+@\
967,Michael Dunn,rjones@example.com,Finance,75249,2021-06-16,"jK%j""I.4Ig""A"
968,Tammy Bowen,lbaldwin@example.org,Marketing,59690,2024-01-14,lGGt_)`=uaw_
969,Rebecca King,erindavis@example.net,Engineering,145105,2022-02-17,"\DEJQkBX,dE'"
970,Steven Combs,gabrielfox@example.com,HR,64543,2022-08-14,"oD&lMN4m#hI"""
971,Heather Farmer,istanley@example.com,Finance,83713,2023-11-15,q;#iFO!y++5t
972,Daniel Coleman,ramosjeremy@example.net,Engineering,134978,2021-05-12,[v9*+fZ}$K\f
973,Katrina Taylor,wrobinson@example.net,Marketing,96764,2020-09-21,"$N4(gb,7mraC"
974,Amanda Woods,smiles@example.org,Finance,90997,2022-05-21,Z$zlk++&%ZNB
975,Terry Lowe,elizabeth09@example.org,Sales,62621,2023-06-18,MJdC31';]Jzz
976,Brian Walker,ncaldwell@example.com,HR,45233,2022-07-28,_Is<;DSp+il4
977,Terri Cline,floreskatherine@example.com,HR,52623,2023-03-12,4#k%vyPAaLPa
978,Sharon Dudley,jwilson@example.net,Operations,83561,2021-02-25,#D:s/Gz6R/17
979,Jessica Thompson,raguirre@example.net,Engineering,139464,2020-03-24,n'\/y^-{jg~C
980,Michael Gonzalez,markschmidt@example.com,HR,51330,2021-11-12,",C.#4u+(.3hU"
981,Heather Andrews,alexis26@example.net,Sales,48859,2023-05-18,Zml69[;|=l-j
982,Joshua Schwartz Jr.,cgraves@example.com,HR,45867,2020-08-11,DuNYAZoah<lU
983,James Carney,rhodeslaura@example.com,Engineering,123531,2020-12-13,Rdv4a:-6+!Yh
984,Kenneth Case,mbowman@example.com,Marketing,54207,2022-04-03,"d8%""5kd3-!~/"
985,Nathaniel Fernandez,gilescrystal@example.org,Finance,83502,2021-03-01,"f^WWjA~^""Neo"
986,Steven Williams,joshuadunn@example.org,Marketing,53920,2020-08-06,QYUl4u3$*rWw
987,Janice Peterson,banderson@example.org,HR,73649,2021-02-01,!A#v=D(>J*F*
988,Henry Jackson,wilcoxcasey@example.org,Finance,65311,2023-07-23,"&j:,0=`!hs0<"
989,Edwin White,gabriel32@example.net,HR,43945,2022-09-18,7+E=JRM{jV7B
990,Jason Mcdonald,sramirez@example.org,HR,60544,2023-11-15,[^nw)){v8IN:
991,Kenneth Martinez,pkelley@example.net,Marketing,76857,2022-06-18,@`s7Uu8XibAb
992,Sara Allen,clarklisa@example.org,Marketing,63099,2022-07-31,f&qCV)9`;@0X
993,Meagan Bailey,parksmallory@example.com,Marketing,80047,2020-08-08,ymEyE<c3w|ze
994,Hector Daugherty,laurenvaughn@example.com,Sales,67133,2024-01-10,Xcx[yLDif6:b
995,Randy Hayes,thomasdawn@example.net,Engineering,92980,2020-05-07,ec51<U8ZPJ(^
996,Ebony Stevens,wchavez@example.com,Engineering,76864,2022-09-21,"n'Cc|;&l"">G$"
997,Christopher Day,wilsonleslie@example.net,Engineering,121453,2023-02-28,"%H70""|*H?/+8"
998,Joseph Valdez,laura43@example.org,Marketing,93824,2024-03-08,>z`x@Ov(X5%~
999,April Miller,alvaradogarrett@example.org,Finance,65282,2020-11-30,?mn'UI/:#b#~
1000,Patrick Harris,zware@example.com,Engineering,119904,2024-04-21,lGO)sb{up@Us
